id,master_name,phone,remark
1,张三1,13000000001,这家伙很懒，什么都没写~
2,张三2,13000000002,这家伙很懒，什么都没写~
3,张三3,13000000003,这家伙很懒，什么都没写~
4,张三4,13000000004,这家伙很懒，什么都没写~
5,张三5,13000000005,这家伙很懒，什么都没写~
6,张三6,13000000006,这家伙很懒，什么都没写~
7,张三7,13000000007,这家伙很懒，什么都没写~
8,张三8,13000000008,这家伙很懒，什么都没写~
9,张三9,13000000009,这家伙很懒，什么都没写~
10,张三10,13000000010,这家伙很懒，什么都没写~
11,张三11,13000000011,这家伙很懒，什么都没写~
12,张三12,13000000012,这家伙很懒，什么都没写~
13,张三13,13000000013,这家伙很懒，什么都没写~
14,张三14,13000000014,这家伙很懒，什么都没写~
15,张三15,13000000015,这家伙很懒，什么都没写~
16,张三16,13000000016,这家伙很懒，什么都没写~
17,张三17,13000000017,这家伙很懒，什么都没写~
18,张三18,13000000018,这家伙很懒，什么都没写~
19,张三19,13000000019,这家伙很懒，什么都没写~
20,张三20,13000000020,这家伙很懒，什么都没写~
21,张三21,13000000021,这家伙很懒，什么都没写~
22,张三22,13000000022,这家伙很懒，什么都没写~
23,张三23,13000000023,这家伙很懒，什么都没写~
24,张三24,13000000024,这家伙很懒，什么都没写~
25,张三25,13000000025,这家伙很懒，什么都没写~
26,张三26,13000000026,这家伙很懒，什么都没写~
27,张三27,13000000027,这家伙很懒，什么都没写~
28,张三28,13000000028,这家伙很懒，什么都没写~
29,张三29,13000000029,这家伙很懒，什么都没写~
30,张三30,13000000030,这家伙很懒，什么都没写~
31,张三31,13000000031,这家伙很懒，什么都没写~
32,张三32,13000000032,这家伙很懒，什么都没写~
33,张三33,13000000033,这家伙很懒，什么都没写~
34,张三34,13000000034,这家伙很懒，什么都没写~
35,张三35,13000000035,这家伙很懒，什么都没写~
36,张三36,13000000036,这家伙很懒，什么都没写~
37,张三37,13000000037,这家伙很懒，什么都没写~
38,张三38,13000000038,这家伙很懒，什么都没写~
39,张三39,13000000039,这家伙很懒，什么都没写~
40,张三40,13000000040,这家伙很懒，什么都没写~
41,张三41,13000000041,这家伙很懒，什么都没写~
42,张三42,13000000042,这家伙很懒，什么都没写~
43,张三43,13000000043,这家伙很懒，什么都没写~
44,张三44,13000000044,这家伙很懒，什么都没写~
45,张三45,13000000045,这家伙很懒，什么都没写~
46,张三46,13000000046,这家伙很懒，什么都没写~
47,张三47,13000000047,这家伙很懒，什么都没写~
48,张三48,13000000048,这家伙很懒，什么都没写~
49,张三49,13000000049,这家伙很懒，什么都没写~
50,张三50,13000000050,这家伙很懒，什么都没写~
51,张三51,13000000051,这家伙很懒，什么都没写~
52,张三52,13000000052,这家伙很懒，什么都没写~
53,张三53,13000000053,这家伙很懒，什么都没写~
54,张三54,13000000054,这家伙很懒，什么都没写~
55,张三55,13000000055,这家伙很懒，什么都没写~
56,张三56,13000000056,这家伙很懒，什么都没写~
57,张三57,13000000057,这家伙很懒，什么都没写~
58,张三58,13000000058,这家伙很懒，什么都没写~
59,张三59,13000000059,这家伙很懒，什么都没写~
60,张三60,13000000060,这家伙很懒，什么都没写~
61,张三61,13000000061,这家伙很懒，什么都没写~
62,张三62,13000000062,这家伙很懒，什么都没写~
63,张三63,13000000063,这家伙很懒，什么都没写~
64,张三64,13000000064,这家伙很懒，什么都没写~
65,张三65,13000000065,这家伙很懒，什么都没写~
66,张三66,13000000066,这家伙很懒，什么都没写~
67,张三67,13000000067,这家伙很懒，什么都没写~
68,张三68,13000000068,这家伙很懒，什么都没写~
69,张三69,13000000069,这家伙很懒，什么都没写~
70,张三70,13000000070,这家伙很懒，什么都没写~
71,张三71,13000000071,这家伙很懒，什么都没写~
72,张三72,13000000072,这家伙很懒，什么都没写~
73,张三73,13000000073,这家伙很懒，什么都没写~
74,张三74,13000000074,这家伙很懒，什么都没写~
75,张三75,13000000075,这家伙很懒，什么都没写~
76,张三76,13000000076,这家伙很懒，什么都没写~
77,张三77,13000000077,这家伙很懒，什么都没写~
78,张三78,13000000078,这家伙很懒，什么都没写~
79,张三79,13000000079,这家伙很懒，什么都没写~
80,张三80,13000000080,这家伙很懒，什么都没写~
81,张三81,13000000081,这家伙很懒，什么都没写~
82,张三82,13000000082,这家伙很懒，什么都没写~
83,张三83,13000000083,这家伙很懒，什么都没写~
84,张三84,13000000084,这家伙很懒，什么都没写~
85,张三85,13000000085,这家伙很懒，什么都没写~
86,张三86,13000000086,这家伙很懒，什么都没写~
87,张三87,13000000087,这家伙很懒，什么都没写~
88,张三88,13000000088,这家伙很懒，什么都没写~
89,张三89,13000000089,这家伙很懒，什么都没写~
90,张三90,13000000090,这家伙很懒，什么都没写~
91,张三91,13000000091,这家伙很懒，什么都没写~
92,张三92,13000000092,这家伙很懒，什么都没写~
93,张三93,13000000093,这家伙很懒，什么都没写~
94,张三94,13000000094,这家伙很懒，什么都没写~
95,张三95,13000000095,这家伙很懒，什么都没写~
96,张三96,13000000096,这家伙很懒，什么都没写~
97,张三97,13000000097,这家伙很懒，什么都没写~
98,张三98,13000000098,这家伙很懒，什么都没写~
99,张三99,13000000099,这家伙很懒，什么都没写~
100,张三100,13000000100,这家伙很懒，什么都没写~
101,张三101,13000000101,这家伙很懒，什么都没写~
102,张三102,13000000102,这家伙很懒，什么都没写~
103,张三103,13000000103,这家伙很懒，什么都没写~
104,张三104,13000000104,这家伙很懒，什么都没写~
105,张三105,13000000105,这家伙很懒，什么都没写~
106,张三106,13000000106,这家伙很懒，什么都没写~
107,张三107,13000000107,这家伙很懒，什么都没写~
108,张三108,13000000108,这家伙很懒，什么都没写~
109,张三109,13000000109,这家伙很懒，什么都没写~
110,张三110,13000000110,这家伙很懒，什么都没写~
111,张三111,13000000111,这家伙很懒，什么都没写~
112,张三112,13000000112,这家伙很懒，什么都没写~
113,张三113,13000000113,这家伙很懒，什么都没写~
114,张三114,13000000114,这家伙很懒，什么都没写~
115,张三115,13000000115,这家伙很懒，什么都没写~
116,张三116,13000000116,这家伙很懒，什么都没写~
117,张三117,13000000117,这家伙很懒，什么都没写~
118,张三118,13000000118,这家伙很懒，什么都没写~
119,张三119,13000000119,这家伙很懒，什么都没写~
120,张三120,13000000120,这家伙很懒，什么都没写~
121,张三121,13000000121,这家伙很懒，什么都没写~
122,张三122,13000000122,这家伙很懒，什么都没写~
123,张三123,13000000123,这家伙很懒，什么都没写~
124,张三124,13000000124,这家伙很懒，什么都没写~
125,张三125,13000000125,这家伙很懒，什么都没写~
126,张三126,13000000126,这家伙很懒，什么都没写~
127,张三127,13000000127,这家伙很懒，什么都没写~
128,张三128,13000000128,这家伙很懒，什么都没写~
129,张三129,13000000129,这家伙很懒，什么都没写~
130,张三130,13000000130,这家伙很懒，什么都没写~
131,张三131,13000000131,这家伙很懒，什么都没写~
132,张三132,13000000132,这家伙很懒，什么都没写~
133,张三133,13000000133,这家伙很懒，什么都没写~
134,张三134,13000000134,这家伙很懒，什么都没写~
135,张三135,13000000135,这家伙很懒，什么都没写~
136,张三136,13000000136,这家伙很懒，什么都没写~
137,张三137,13000000137,这家伙很懒，什么都没写~
138,张三138,13000000138,这家伙很懒，什么都没写~
139,张三139,13000000139,这家伙很懒，什么都没写~
140,张三140,13000000140,这家伙很懒，什么都没写~
141,张三141,13000000141,这家伙很懒，什么都没写~
142,张三142,13000000142,这家伙很懒，什么都没写~
143,张三143,13000000143,这家伙很懒，什么都没写~
144,张三144,13000000144,这家伙很懒，什么都没写~
145,张三145,13000000145,这家伙很懒，什么都没写~
146,张三146,13000000146,这家伙很懒，什么都没写~
147,张三147,13000000147,这家伙很懒，什么都没写~
148,张三148,13000000148,这家伙很懒，什么都没写~
149,张三149,13000000149,这家伙很懒，什么都没写~
150,张三150,13000000150,这家伙很懒，什么都没写~
151,张三151,13000000151,这家伙很懒，什么都没写~
152,张三152,13000000152,这家伙很懒，什么都没写~
153,张三153,13000000153,这家伙很懒，什么都没写~
154,张三154,13000000154,这家伙很懒，什么都没写~
155,张三155,13000000155,这家伙很懒，什么都没写~
156,张三156,13000000156,这家伙很懒，什么都没写~
157,张三157,13000000157,这家伙很懒，什么都没写~
158,张三158,13000000158,这家伙很懒，什么都没写~
159,张三159,13000000159,这家伙很懒，什么都没写~
160,张三160,13000000160,这家伙很懒，什么都没写~
161,张三161,13000000161,这家伙很懒，什么都没写~
162,张三162,13000000162,这家伙很懒，什么都没写~
163,张三163,13000000163,这家伙很懒，什么都没写~
164,张三164,13000000164,这家伙很懒，什么都没写~
165,张三165,13000000165,这家伙很懒，什么都没写~
166,张三166,13000000166,这家伙很懒，什么都没写~
167,张三167,13000000167,这家伙很懒，什么都没写~
168,张三168,13000000168,这家伙很懒，什么都没写~
169,张三169,13000000169,这家伙很懒，什么都没写~
170,张三170,13000000170,这家伙很懒，什么都没写~
171,张三171,13000000171,这家伙很懒，什么都没写~
172,张三172,13000000172,这家伙很懒，什么都没写~
173,张三173,13000000173,这家伙很懒，什么都没写~
174,张三174,13000000174,这家伙很懒，什么都没写~
175,张三175,13000000175,这家伙很懒，什么都没写~
176,张三176,13000000176,这家伙很懒，什么都没写~
177,张三177,13000000177,这家伙很懒，什么都没写~
178,张三178,13000000178,这家伙很懒，什么都没写~
179,张三179,13000000179,这家伙很懒，什么都没写~
180,张三180,13000000180,这家伙很懒，什么都没写~
181,张三181,13000000181,这家伙很懒，什么都没写~
182,张三182,13000000182,这家伙很懒，什么都没写~
183,张三183,13000000183,这家伙很懒，什么都没写~
184,张三184,13000000184,这家伙很懒，什么都没写~
185,张三185,13000000185,这家伙很懒，什么都没写~
186,张三186,13000000186,这家伙很懒，什么都没写~
187,张三187,13000000187,这家伙很懒，什么都没写~
188,张三188,13000000188,这家伙很懒，什么都没写~
189,张三189,13000000189,这家伙很懒，什么都没写~
190,张三190,13000000190,这家伙很懒，什么都没写~
191,张三191,13000000191,这家伙很懒，什么都没写~
192,张三192,13000000192,这家伙很懒，什么都没写~
193,张三193,13000000193,这家伙很懒，什么都没写~
194,张三194,13000000194,这家伙很懒，什么都没写~
195,张三195,13000000195,这家伙很懒，什么都没写~
196,张三196,13000000196,这家伙很懒，什么都没写~
197,张三197,13000000197,这家伙很懒，什么都没写~
198,张三198,13000000198,这家伙很懒，什么都没写~
199,张三199,13000000199,这家伙很懒，什么都没写~
200,张三200,13000000200,这家伙很懒，什么都没写~
201,张三201,13000000201,这家伙很懒，什么都没写~
202,张三202,13000000202,这家伙很懒，什么都没写~
203,张三203,13000000203,这家伙很懒，什么都没写~
204,张三204,13000000204,这家伙很懒，什么都没写~
205,张三205,13000000205,这家伙很懒，什么都没写~
206,张三206,13000000206,这家伙很懒，什么都没写~
207,张三207,13000000207,这家伙很懒，什么都没写~
208,张三208,13000000208,这家伙很懒，什么都没写~
209,张三209,13000000209,这家伙很懒，什么都没写~
210,张三210,13000000210,这家伙很懒，什么都没写~
211,张三211,13000000211,这家伙很懒，什么都没写~
212,张三212,13000000212,这家伙很懒，什么都没写~
213,张三213,13000000213,这家伙很懒，什么都没写~
214,张三214,13000000214,这家伙很懒，什么都没写~
215,张三215,13000000215,这家伙很懒，什么都没写~
216,张三216,13000000216,这家伙很懒，什么都没写~
217,张三217,13000000217,这家伙很懒，什么都没写~
218,张三218,13000000218,这家伙很懒，什么都没写~
219,张三219,13000000219,这家伙很懒，什么都没写~
220,张三220,13000000220,这家伙很懒，什么都没写~
221,张三221,13000000221,这家伙很懒，什么都没写~
222,张三222,13000000222,这家伙很懒，什么都没写~
223,张三223,13000000223,这家伙很懒，什么都没写~
224,张三224,13000000224,这家伙很懒，什么都没写~
225,张三225,13000000225,这家伙很懒，什么都没写~
226,张三226,13000000226,这家伙很懒，什么都没写~
227,张三227,13000000227,这家伙很懒，什么都没写~
228,张三228,13000000228,这家伙很懒，什么都没写~
229,张三229,13000000229,这家伙很懒，什么都没写~
230,张三230,13000000230,这家伙很懒，什么都没写~
231,张三231,13000000231,这家伙很懒，什么都没写~
232,张三232,13000000232,这家伙很懒，什么都没写~
233,张三233,13000000233,这家伙很懒，什么都没写~
234,张三234,13000000234,这家伙很懒，什么都没写~
235,张三235,13000000235,这家伙很懒，什么都没写~
236,张三236,13000000236,这家伙很懒，什么都没写~
237,张三237,13000000237,这家伙很懒，什么都没写~
238,张三238,13000000238,这家伙很懒，什么都没写~
239,张三239,13000000239,这家伙很懒，什么都没写~
240,张三240,13000000240,这家伙很懒，什么都没写~
241,张三241,13000000241,这家伙很懒，什么都没写~
242,张三242,13000000242,这家伙很懒，什么都没写~
243,张三243,13000000243,这家伙很懒，什么都没写~
244,张三244,13000000244,这家伙很懒，什么都没写~
245,张三245,13000000245,这家伙很懒，什么都没写~
246,张三246,13000000246,这家伙很懒，什么都没写~
247,张三247,13000000247,这家伙很懒，什么都没写~
248,张三248,13000000248,这家伙很懒，什么都没写~
249,张三249,13000000249,这家伙很懒，什么都没写~
250,张三250,13000000250,这家伙很懒，什么都没写~
251,张三251,13000000251,这家伙很懒，什么都没写~
252,张三252,13000000252,这家伙很懒，什么都没写~
253,张三253,13000000253,这家伙很懒，什么都没写~
254,张三254,13000000254,这家伙很懒，什么都没写~
255,张三255,13000000255,这家伙很懒，什么都没写~
256,张三256,13000000256,这家伙很懒，什么都没写~
257,张三257,13000000257,这家伙很懒，什么都没写~
258,张三258,13000000258,这家伙很懒，什么都没写~
259,张三259,13000000259,这家伙很懒，什么都没写~
260,张三260,13000000260,这家伙很懒，什么都没写~
261,张三261,13000000261,这家伙很懒，什么都没写~
262,张三262,13000000262,这家伙很懒，什么都没写~
263,张三263,13000000263,这家伙很懒，什么都没写~
264,张三264,13000000264,这家伙很懒，什么都没写~
265,张三265,13000000265,这家伙很懒，什么都没写~
266,张三266,13000000266,这家伙很懒，什么都没写~
267,张三267,13000000267,这家伙很懒，什么都没写~
268,张三268,13000000268,这家伙很懒，什么都没写~
269,张三269,13000000269,这家伙很懒，什么都没写~
270,张三270,13000000270,这家伙很懒，什么都没写~
271,张三271,13000000271,这家伙很懒，什么都没写~
272,张三272,13000000272,这家伙很懒，什么都没写~
273,张三273,13000000273,这家伙很懒，什么都没写~
274,张三274,13000000274,这家伙很懒，什么都没写~
275,张三275,13000000275,这家伙很懒，什么都没写~
276,张三276,13000000276,这家伙很懒，什么都没写~
277,张三277,13000000277,这家伙很懒，什么都没写~
278,张三278,13000000278,这家伙很懒，什么都没写~
279,张三279,13000000279,这家伙很懒，什么都没写~
280,张三280,13000000280,这家伙很懒，什么都没写~
281,张三281,13000000281,这家伙很懒，什么都没写~
282,张三282,13000000282,这家伙很懒，什么都没写~
283,张三283,13000000283,这家伙很懒，什么都没写~
284,张三284,13000000284,这家伙很懒，什么都没写~
285,张三285,13000000285,这家伙很懒，什么都没写~
286,张三286,13000000286,这家伙很懒，什么都没写~
287,张三287,13000000287,这家伙很懒，什么都没写~
288,张三288,13000000288,这家伙很懒，什么都没写~
289,张三289,13000000289,这家伙很懒，什么都没写~
290,张三290,13000000290,这家伙很懒，什么都没写~
291,张三291,13000000291,这家伙很懒，什么都没写~
292,张三292,13000000292,这家伙很懒，什么都没写~
293,张三293,13000000293,这家伙很懒，什么都没写~
294,张三294,13000000294,这家伙很懒，什么都没写~
295,张三295,13000000295,这家伙很懒，什么都没写~
296,张三296,13000000296,这家伙很懒，什么都没写~
297,张三297,13000000297,这家伙很懒，什么都没写~
298,张三298,13000000298,这家伙很懒，什么都没写~
299,张三299,13000000299,这家伙很懒，什么都没写~
300,张三300,13000000300,这家伙很懒，什么都没写~
301,张三301,13000000301,这家伙很懒，什么都没写~
302,张三302,13000000302,这家伙很懒，什么都没写~
303,张三303,13000000303,这家伙很懒，什么都没写~
304,张三304,13000000304,这家伙很懒，什么都没写~
305,张三305,13000000305,这家伙很懒，什么都没写~
306,张三306,13000000306,这家伙很懒，什么都没写~
307,张三307,13000000307,这家伙很懒，什么都没写~
308,张三308,13000000308,这家伙很懒，什么都没写~
309,张三309,13000000309,这家伙很懒，什么都没写~
310,张三310,13000000310,这家伙很懒，什么都没写~
311,张三311,13000000311,这家伙很懒，什么都没写~
312,张三312,13000000312,这家伙很懒，什么都没写~
313,张三313,13000000313,这家伙很懒，什么都没写~
314,张三314,13000000314,这家伙很懒，什么都没写~
315,张三315,13000000315,这家伙很懒，什么都没写~
316,张三316,13000000316,这家伙很懒，什么都没写~
317,张三317,13000000317,这家伙很懒，什么都没写~
318,张三318,13000000318,这家伙很懒，什么都没写~
319,张三319,13000000319,这家伙很懒，什么都没写~
320,张三320,13000000320,这家伙很懒，什么都没写~
321,张三321,13000000321,这家伙很懒，什么都没写~
322,张三322,13000000322,这家伙很懒，什么都没写~
323,张三323,13000000323,这家伙很懒，什么都没写~
324,张三324,13000000324,这家伙很懒，什么都没写~
325,张三325,13000000325,这家伙很懒，什么都没写~
326,张三326,13000000326,这家伙很懒，什么都没写~
327,张三327,13000000327,这家伙很懒，什么都没写~
328,张三328,13000000328,这家伙很懒，什么都没写~
329,张三329,13000000329,这家伙很懒，什么都没写~
330,张三330,13000000330,这家伙很懒，什么都没写~
331,张三331,13000000331,这家伙很懒，什么都没写~
332,张三332,13000000332,这家伙很懒，什么都没写~
333,张三333,13000000333,这家伙很懒，什么都没写~
334,张三334,13000000334,这家伙很懒，什么都没写~
335,张三335,13000000335,这家伙很懒，什么都没写~
336,张三336,13000000336,这家伙很懒，什么都没写~
337,张三337,13000000337,这家伙很懒，什么都没写~
338,张三338,13000000338,这家伙很懒，什么都没写~
339,张三339,13000000339,这家伙很懒，什么都没写~
340,张三340,13000000340,这家伙很懒，什么都没写~
341,张三341,13000000341,这家伙很懒，什么都没写~
342,张三342,13000000342,这家伙很懒，什么都没写~
343,张三343,13000000343,这家伙很懒，什么都没写~
344,张三344,13000000344,这家伙很懒，什么都没写~
345,张三345,13000000345,这家伙很懒，什么都没写~
346,张三346,13000000346,这家伙很懒，什么都没写~
347,张三347,13000000347,这家伙很懒，什么都没写~
348,张三348,13000000348,这家伙很懒，什么都没写~
349,张三349,13000000349,这家伙很懒，什么都没写~
350,张三350,13000000350,这家伙很懒，什么都没写~
351,张三351,13000000351,这家伙很懒，什么都没写~
352,张三352,13000000352,这家伙很懒，什么都没写~
353,张三353,13000000353,这家伙很懒，什么都没写~
354,张三354,13000000354,这家伙很懒，什么都没写~
355,张三355,13000000355,这家伙很懒，什么都没写~
356,张三356,13000000356,这家伙很懒，什么都没写~
357,张三357,13000000357,这家伙很懒，什么都没写~
358,张三358,13000000358,这家伙很懒，什么都没写~
359,张三359,13000000359,这家伙很懒，什么都没写~
360,张三360,13000000360,这家伙很懒，什么都没写~
361,张三361,13000000361,这家伙很懒，什么都没写~
362,张三362,13000000362,这家伙很懒，什么都没写~
363,张三363,13000000363,这家伙很懒，什么都没写~
364,张三364,13000000364,这家伙很懒，什么都没写~
365,张三365,13000000365,这家伙很懒，什么都没写~
366,张三366,13000000366,这家伙很懒，什么都没写~
367,张三367,13000000367,这家伙很懒，什么都没写~
368,张三368,13000000368,这家伙很懒，什么都没写~
369,张三369,13000000369,这家伙很懒，什么都没写~
370,张三370,13000000370,这家伙很懒，什么都没写~
371,张三371,13000000371,这家伙很懒，什么都没写~
372,张三372,13000000372,这家伙很懒，什么都没写~
373,张三373,13000000373,这家伙很懒，什么都没写~
374,张三374,13000000374,这家伙很懒，什么都没写~
375,张三375,13000000375,这家伙很懒，什么都没写~
376,张三376,13000000376,这家伙很懒，什么都没写~
377,张三377,13000000377,这家伙很懒，什么都没写~
378,张三378,13000000378,这家伙很懒，什么都没写~
379,张三379,13000000379,这家伙很懒，什么都没写~
380,张三380,13000000380,这家伙很懒，什么都没写~
381,张三381,13000000381,这家伙很懒，什么都没写~
382,张三382,13000000382,这家伙很懒，什么都没写~
383,张三383,13000000383,这家伙很懒，什么都没写~
384,张三384,13000000384,这家伙很懒，什么都没写~
385,张三385,13000000385,这家伙很懒，什么都没写~
386,张三386,13000000386,这家伙很懒，什么都没写~
387,张三387,13000000387,这家伙很懒，什么都没写~
388,张三388,13000000388,这家伙很懒，什么都没写~
389,张三389,13000000389,这家伙很懒，什么都没写~
390,张三390,13000000390,这家伙很懒，什么都没写~
391,张三391,13000000391,这家伙很懒，什么都没写~
392,张三392,13000000392,这家伙很懒，什么都没写~
393,张三393,13000000393,这家伙很懒，什么都没写~
394,张三394,13000000394,这家伙很懒，什么都没写~
395,张三395,13000000395,这家伙很懒，什么都没写~
396,张三396,13000000396,这家伙很懒，什么都没写~
397,张三397,13000000397,这家伙很懒，什么都没写~
398,张三398,13000000398,这家伙很懒，什么都没写~
399,张三399,13000000399,这家伙很懒，什么都没写~
400,张三400,13000000400,这家伙很懒，什么都没写~
401,张三401,13000000401,这家伙很懒，什么都没写~
402,张三402,13000000402,这家伙很懒，什么都没写~
403,张三403,13000000403,这家伙很懒，什么都没写~
404,张三404,13000000404,这家伙很懒，什么都没写~
405,张三405,13000000405,这家伙很懒，什么都没写~
406,张三406,13000000406,这家伙很懒，什么都没写~
407,张三407,13000000407,这家伙很懒，什么都没写~
408,张三408,13000000408,这家伙很懒，什么都没写~
409,张三409,13000000409,这家伙很懒，什么都没写~
410,张三410,13000000410,这家伙很懒，什么都没写~
411,张三411,13000000411,这家伙很懒，什么都没写~
412,张三412,13000000412,这家伙很懒，什么都没写~
413,张三413,13000000413,这家伙很懒，什么都没写~
414,张三414,13000000414,这家伙很懒，什么都没写~
415,张三415,13000000415,这家伙很懒，什么都没写~
416,张三416,13000000416,这家伙很懒，什么都没写~
417,张三417,13000000417,这家伙很懒，什么都没写~
418,张三418,13000000418,这家伙很懒，什么都没写~
419,张三419,13000000419,这家伙很懒，什么都没写~
420,张三420,13000000420,这家伙很懒，什么都没写~
421,张三421,13000000421,这家伙很懒，什么都没写~
422,张三422,13000000422,这家伙很懒，什么都没写~
423,张三423,13000000423,这家伙很懒，什么都没写~
424,张三424,13000000424,这家伙很懒，什么都没写~
425,张三425,13000000425,这家伙很懒，什么都没写~
426,张三426,13000000426,这家伙很懒，什么都没写~
427,张三427,13000000427,这家伙很懒，什么都没写~
428,张三428,13000000428,这家伙很懒，什么都没写~
429,张三429,13000000429,这家伙很懒，什么都没写~
430,张三430,13000000430,这家伙很懒，什么都没写~
431,张三431,13000000431,这家伙很懒，什么都没写~
432,张三432,13000000432,这家伙很懒，什么都没写~
433,张三433,13000000433,这家伙很懒，什么都没写~
434,张三434,13000000434,这家伙很懒，什么都没写~
435,张三435,13000000435,这家伙很懒，什么都没写~
436,张三436,13000000436,这家伙很懒，什么都没写~
437,张三437,13000000437,这家伙很懒，什么都没写~
438,张三438,13000000438,这家伙很懒，什么都没写~
439,张三439,13000000439,这家伙很懒，什么都没写~
440,张三440,13000000440,这家伙很懒，什么都没写~
441,张三441,13000000441,这家伙很懒，什么都没写~
442,张三442,13000000442,这家伙很懒，什么都没写~
443,张三443,13000000443,这家伙很懒，什么都没写~
444,张三444,13000000444,这家伙很懒，什么都没写~
445,张三445,13000000445,这家伙很懒，什么都没写~
446,张三446,13000000446,这家伙很懒，什么都没写~
447,张三447,13000000447,这家伙很懒，什么都没写~
448,张三448,13000000448,这家伙很懒，什么都没写~
449,张三449,13000000449,这家伙很懒，什么都没写~
450,张三450,13000000450,这家伙很懒，什么都没写~
451,张三451,13000000451,这家伙很懒，什么都没写~
452,张三452,13000000452,这家伙很懒，什么都没写~
453,张三453,13000000453,这家伙很懒，什么都没写~
454,张三454,13000000454,这家伙很懒，什么都没写~
455,张三455,13000000455,这家伙很懒，什么都没写~
456,张三456,13000000456,这家伙很懒，什么都没写~
457,张三457,13000000457,这家伙很懒，什么都没写~
458,张三458,13000000458,这家伙很懒，什么都没写~
459,张三459,13000000459,这家伙很懒，什么都没写~
460,张三460,13000000460,这家伙很懒，什么都没写~
461,张三461,13000000461,这家伙很懒，什么都没写~
462,张三462,13000000462,这家伙很懒，什么都没写~
463,张三463,13000000463,这家伙很懒，什么都没写~
464,张三464,13000000464,这家伙很懒，什么都没写~
465,张三465,13000000465,这家伙很懒，什么都没写~
466,张三466,13000000466,这家伙很懒，什么都没写~
467,张三467,13000000467,这家伙很懒，什么都没写~
468,张三468,13000000468,这家伙很懒，什么都没写~
469,张三469,13000000469,这家伙很懒，什么都没写~
470,张三470,13000000470,这家伙很懒，什么都没写~
471,张三471,13000000471,这家伙很懒，什么都没写~
472,张三472,13000000472,这家伙很懒，什么都没写~
473,张三473,13000000473,这家伙很懒，什么都没写~
474,张三474,13000000474,这家伙很懒，什么都没写~
475,张三475,13000000475,这家伙很懒，什么都没写~
476,张三476,13000000476,这家伙很懒，什么都没写~
477,张三477,13000000477,这家伙很懒，什么都没写~
478,张三478,13000000478,这家伙很懒，什么都没写~
479,张三479,13000000479,这家伙很懒，什么都没写~
480,张三480,13000000480,这家伙很懒，什么都没写~
481,张三481,13000000481,这家伙很懒，什么都没写~
482,张三482,13000000482,这家伙很懒，什么都没写~
483,张三483,13000000483,这家伙很懒，什么都没写~
484,张三484,13000000484,这家伙很懒，什么都没写~
485,张三485,13000000485,这家伙很懒，什么都没写~
486,张三486,13000000486,这家伙很懒，什么都没写~
487,张三487,13000000487,这家伙很懒，什么都没写~
488,张三488,13000000488,这家伙很懒，什么都没写~
489,张三489,13000000489,这家伙很懒，什么都没写~
490,张三490,13000000490,这家伙很懒，什么都没写~
491,张三491,13000000491,这家伙很懒，什么都没写~
492,张三492,13000000492,这家伙很懒，什么都没写~
493,张三493,13000000493,这家伙很懒，什么都没写~
494,张三494,13000000494,这家伙很懒，什么都没写~
495,张三495,13000000495,这家伙很懒，什么都没写~
496,张三496,13000000496,这家伙很懒，什么都没写~
497,张三497,13000000497,这家伙很懒，什么都没写~
498,张三498,13000000498,这家伙很懒，什么都没写~
499,张三499,13000000499,这家伙很懒，什么都没写~
500,张三500,13000000500,这家伙很懒，什么都没写~
501,张三501,13000000501,这家伙很懒，什么都没写~
502,张三502,13000000502,这家伙很懒，什么都没写~
503,张三503,13000000503,这家伙很懒，什么都没写~
504,张三504,13000000504,这家伙很懒，什么都没写~
505,张三505,13000000505,这家伙很懒，什么都没写~
506,张三506,13000000506,这家伙很懒，什么都没写~
507,张三507,13000000507,这家伙很懒，什么都没写~
508,张三508,13000000508,这家伙很懒，什么都没写~
509,张三509,13000000509,这家伙很懒，什么都没写~
510,张三510,13000000510,这家伙很懒，什么都没写~
511,张三511,13000000511,这家伙很懒，什么都没写~
512,张三512,13000000512,这家伙很懒，什么都没写~
513,张三513,13000000513,这家伙很懒，什么都没写~
514,张三514,13000000514,这家伙很懒，什么都没写~
515,张三515,13000000515,这家伙很懒，什么都没写~
516,张三516,13000000516,这家伙很懒，什么都没写~
517,张三517,13000000517,这家伙很懒，什么都没写~
518,张三518,13000000518,这家伙很懒，什么都没写~
519,张三519,13000000519,这家伙很懒，什么都没写~
520,张三520,13000000520,这家伙很懒，什么都没写~
521,张三521,13000000521,这家伙很懒，什么都没写~
522,张三522,13000000522,这家伙很懒，什么都没写~
523,张三523,13000000523,这家伙很懒，什么都没写~
524,张三524,13000000524,这家伙很懒，什么都没写~
525,张三525,13000000525,这家伙很懒，什么都没写~
526,张三526,13000000526,这家伙很懒，什么都没写~
527,张三527,13000000527,这家伙很懒，什么都没写~
528,张三528,13000000528,这家伙很懒，什么都没写~
529,张三529,13000000529,这家伙很懒，什么都没写~
530,张三530,13000000530,这家伙很懒，什么都没写~
531,张三531,13000000531,这家伙很懒，什么都没写~
532,张三532,13000000532,这家伙很懒，什么都没写~
533,张三533,13000000533,这家伙很懒，什么都没写~
534,张三534,13000000534,这家伙很懒，什么都没写~
535,张三535,13000000535,这家伙很懒，什么都没写~
536,张三536,13000000536,这家伙很懒，什么都没写~
537,张三537,13000000537,这家伙很懒，什么都没写~
538,张三538,13000000538,这家伙很懒，什么都没写~
539,张三539,13000000539,这家伙很懒，什么都没写~
540,张三540,13000000540,这家伙很懒，什么都没写~
541,张三541,13000000541,这家伙很懒，什么都没写~
542,张三542,13000000542,这家伙很懒，什么都没写~
543,张三543,13000000543,这家伙很懒，什么都没写~
544,张三544,13000000544,这家伙很懒，什么都没写~
545,张三545,13000000545,这家伙很懒，什么都没写~
546,张三546,13000000546,这家伙很懒，什么都没写~
547,张三547,13000000547,这家伙很懒，什么都没写~
548,张三548,13000000548,这家伙很懒，什么都没写~
549,张三549,13000000549,这家伙很懒，什么都没写~
550,张三550,13000000550,这家伙很懒，什么都没写~
551,张三551,13000000551,这家伙很懒，什么都没写~
552,张三552,13000000552,这家伙很懒，什么都没写~
553,张三553,13000000553,这家伙很懒，什么都没写~
554,张三554,13000000554,这家伙很懒，什么都没写~
555,张三555,13000000555,这家伙很懒，什么都没写~
556,张三556,13000000556,这家伙很懒，什么都没写~
557,张三557,13000000557,这家伙很懒，什么都没写~
558,张三558,13000000558,这家伙很懒，什么都没写~
559,张三559,13000000559,这家伙很懒，什么都没写~
560,张三560,13000000560,这家伙很懒，什么都没写~
561,张三561,13000000561,这家伙很懒，什么都没写~
562,张三562,13000000562,这家伙很懒，什么都没写~
563,张三563,13000000563,这家伙很懒，什么都没写~
564,张三564,13000000564,这家伙很懒，什么都没写~
565,张三565,13000000565,这家伙很懒，什么都没写~
566,张三566,13000000566,这家伙很懒，什么都没写~
567,张三567,13000000567,这家伙很懒，什么都没写~
568,张三568,13000000568,这家伙很懒，什么都没写~
569,张三569,13000000569,这家伙很懒，什么都没写~
570,张三570,13000000570,这家伙很懒，什么都没写~
571,张三571,13000000571,这家伙很懒，什么都没写~
572,张三572,13000000572,这家伙很懒，什么都没写~
573,张三573,13000000573,这家伙很懒，什么都没写~
574,张三574,13000000574,这家伙很懒，什么都没写~
575,张三575,13000000575,这家伙很懒，什么都没写~
576,张三576,13000000576,这家伙很懒，什么都没写~
577,张三577,13000000577,这家伙很懒，什么都没写~
578,张三578,13000000578,这家伙很懒，什么都没写~
579,张三579,13000000579,这家伙很懒，什么都没写~
580,张三580,13000000580,这家伙很懒，什么都没写~
581,张三581,13000000581,这家伙很懒，什么都没写~
582,张三582,13000000582,这家伙很懒，什么都没写~
583,张三583,13000000583,这家伙很懒，什么都没写~
584,张三584,13000000584,这家伙很懒，什么都没写~
585,张三585,13000000585,这家伙很懒，什么都没写~
586,张三586,13000000586,这家伙很懒，什么都没写~
587,张三587,13000000587,这家伙很懒，什么都没写~
588,张三588,13000000588,这家伙很懒，什么都没写~
589,张三589,13000000589,这家伙很懒，什么都没写~
590,张三590,13000000590,这家伙很懒，什么都没写~
591,张三591,13000000591,这家伙很懒，什么都没写~
592,张三592,13000000592,这家伙很懒，什么都没写~
593,张三593,13000000593,这家伙很懒，什么都没写~
594,张三594,13000000594,这家伙很懒，什么都没写~
595,张三595,13000000595,这家伙很懒，什么都没写~
596,张三596,13000000596,这家伙很懒，什么都没写~
597,张三597,13000000597,这家伙很懒，什么都没写~
598,张三598,13000000598,这家伙很懒，什么都没写~
599,张三599,13000000599,这家伙很懒，什么都没写~
600,张三600,13000000600,这家伙很懒，什么都没写~
601,张三601,13000000601,这家伙很懒，什么都没写~
602,张三602,13000000602,这家伙很懒，什么都没写~
603,张三603,13000000603,这家伙很懒，什么都没写~
604,张三604,13000000604,这家伙很懒，什么都没写~
605,张三605,13000000605,这家伙很懒，什么都没写~
606,张三606,13000000606,这家伙很懒，什么都没写~
607,张三607,13000000607,这家伙很懒，什么都没写~
608,张三608,13000000608,这家伙很懒，什么都没写~
609,张三609,13000000609,这家伙很懒，什么都没写~
610,张三610,13000000610,这家伙很懒，什么都没写~
611,张三611,13000000611,这家伙很懒，什么都没写~
612,张三612,13000000612,这家伙很懒，什么都没写~
613,张三613,13000000613,这家伙很懒，什么都没写~
614,张三614,13000000614,这家伙很懒，什么都没写~
615,张三615,13000000615,这家伙很懒，什么都没写~
616,张三616,13000000616,这家伙很懒，什么都没写~
617,张三617,13000000617,这家伙很懒，什么都没写~
618,张三618,13000000618,这家伙很懒，什么都没写~
619,张三619,13000000619,这家伙很懒，什么都没写~
620,张三620,13000000620,这家伙很懒，什么都没写~
621,张三621,13000000621,这家伙很懒，什么都没写~
622,张三622,13000000622,这家伙很懒，什么都没写~
623,张三623,13000000623,这家伙很懒，什么都没写~
624,张三624,13000000624,这家伙很懒，什么都没写~
625,张三625,13000000625,这家伙很懒，什么都没写~
626,张三626,13000000626,这家伙很懒，什么都没写~
627,张三627,13000000627,这家伙很懒，什么都没写~
628,张三628,13000000628,这家伙很懒，什么都没写~
629,张三629,13000000629,这家伙很懒，什么都没写~
630,张三630,13000000630,这家伙很懒，什么都没写~
631,张三631,13000000631,这家伙很懒，什么都没写~
632,张三632,13000000632,这家伙很懒，什么都没写~
633,张三633,13000000633,这家伙很懒，什么都没写~
634,张三634,13000000634,这家伙很懒，什么都没写~
635,张三635,13000000635,这家伙很懒，什么都没写~
636,张三636,13000000636,这家伙很懒，什么都没写~
637,张三637,13000000637,这家伙很懒，什么都没写~
638,张三638,13000000638,这家伙很懒，什么都没写~
639,张三639,13000000639,这家伙很懒，什么都没写~
640,张三640,13000000640,这家伙很懒，什么都没写~
641,张三641,13000000641,这家伙很懒，什么都没写~
642,张三642,13000000642,这家伙很懒，什么都没写~
643,张三643,13000000643,这家伙很懒，什么都没写~
644,张三644,13000000644,这家伙很懒，什么都没写~
645,张三645,13000000645,这家伙很懒，什么都没写~
646,张三646,13000000646,这家伙很懒，什么都没写~
647,张三647,13000000647,这家伙很懒，什么都没写~
648,张三648,13000000648,这家伙很懒，什么都没写~
649,张三649,13000000649,这家伙很懒，什么都没写~
650,张三650,13000000650,这家伙很懒，什么都没写~
651,张三651,13000000651,这家伙很懒，什么都没写~
652,张三652,13000000652,这家伙很懒，什么都没写~
653,张三653,13000000653,这家伙很懒，什么都没写~
654,张三654,13000000654,这家伙很懒，什么都没写~
655,张三655,13000000655,这家伙很懒，什么都没写~
656,张三656,13000000656,这家伙很懒，什么都没写~
657,张三657,13000000657,这家伙很懒，什么都没写~
658,张三658,13000000658,这家伙很懒，什么都没写~
659,张三659,13000000659,这家伙很懒，什么都没写~
660,张三660,13000000660,这家伙很懒，什么都没写~
661,张三661,13000000661,这家伙很懒，什么都没写~
662,张三662,13000000662,这家伙很懒，什么都没写~
663,张三663,13000000663,这家伙很懒，什么都没写~
664,张三664,13000000664,这家伙很懒，什么都没写~
665,张三665,13000000665,这家伙很懒，什么都没写~
666,张三666,13000000666,这家伙很懒，什么都没写~
667,张三667,13000000667,这家伙很懒，什么都没写~
668,张三668,13000000668,这家伙很懒，什么都没写~
669,张三669,13000000669,这家伙很懒，什么都没写~
670,张三670,13000000670,这家伙很懒，什么都没写~
671,张三671,13000000671,这家伙很懒，什么都没写~
672,张三672,13000000672,这家伙很懒，什么都没写~
673,张三673,13000000673,这家伙很懒，什么都没写~
674,张三674,13000000674,这家伙很懒，什么都没写~
675,张三675,13000000675,这家伙很懒，什么都没写~
676,张三676,13000000676,这家伙很懒，什么都没写~
677,张三677,13000000677,这家伙很懒，什么都没写~
678,张三678,13000000678,这家伙很懒，什么都没写~
679,张三679,13000000679,这家伙很懒，什么都没写~
680,张三680,13000000680,这家伙很懒，什么都没写~
681,张三681,13000000681,这家伙很懒，什么都没写~
682,张三682,13000000682,这家伙很懒，什么都没写~
683,张三683,13000000683,这家伙很懒，什么都没写~
684,张三684,13000000684,这家伙很懒，什么都没写~
685,张三685,13000000685,这家伙很懒，什么都没写~
686,张三686,13000000686,这家伙很懒，什么都没写~
687,张三687,13000000687,这家伙很懒，什么都没写~
688,张三688,13000000688,这家伙很懒，什么都没写~
689,张三689,13000000689,这家伙很懒，什么都没写~
690,张三690,13000000690,这家伙很懒，什么都没写~
691,张三691,13000000691,这家伙很懒，什么都没写~
692,张三692,13000000692,这家伙很懒，什么都没写~
693,张三693,13000000693,这家伙很懒，什么都没写~
694,张三694,13000000694,这家伙很懒，什么都没写~
695,张三695,13000000695,这家伙很懒，什么都没写~
696,张三696,13000000696,这家伙很懒，什么都没写~
697,张三697,13000000697,这家伙很懒，什么都没写~
698,张三698,13000000698,这家伙很懒，什么都没写~
699,张三699,13000000699,这家伙很懒，什么都没写~
700,张三700,13000000700,这家伙很懒，什么都没写~
701,张三701,13000000701,这家伙很懒，什么都没写~
702,张三702,13000000702,这家伙很懒，什么都没写~
703,张三703,13000000703,这家伙很懒，什么都没写~
704,张三704,13000000704,这家伙很懒，什么都没写~
705,张三705,13000000705,这家伙很懒，什么都没写~
706,张三706,13000000706,这家伙很懒，什么都没写~
707,张三707,13000000707,这家伙很懒，什么都没写~
708,张三708,13000000708,这家伙很懒，什么都没写~
709,张三709,13000000709,这家伙很懒，什么都没写~
710,张三710,13000000710,这家伙很懒，什么都没写~
711,张三711,13000000711,这家伙很懒，什么都没写~
712,张三712,13000000712,这家伙很懒，什么都没写~
713,张三713,13000000713,这家伙很懒，什么都没写~
714,张三714,13000000714,这家伙很懒，什么都没写~
715,张三715,13000000715,这家伙很懒，什么都没写~
716,张三716,13000000716,这家伙很懒，什么都没写~
717,张三717,13000000717,这家伙很懒，什么都没写~
718,张三718,13000000718,这家伙很懒，什么都没写~
719,张三719,13000000719,这家伙很懒，什么都没写~
720,张三720,13000000720,这家伙很懒，什么都没写~
721,张三721,13000000721,这家伙很懒，什么都没写~
722,张三722,13000000722,这家伙很懒，什么都没写~
723,张三723,13000000723,这家伙很懒，什么都没写~
724,张三724,13000000724,这家伙很懒，什么都没写~
725,张三725,13000000725,这家伙很懒，什么都没写~
726,张三726,13000000726,这家伙很懒，什么都没写~
727,张三727,13000000727,这家伙很懒，什么都没写~
728,张三728,13000000728,这家伙很懒，什么都没写~
729,张三729,13000000729,这家伙很懒，什么都没写~
730,张三730,13000000730,这家伙很懒，什么都没写~
731,张三731,13000000731,这家伙很懒，什么都没写~
732,张三732,13000000732,这家伙很懒，什么都没写~
733,张三733,13000000733,这家伙很懒，什么都没写~
734,张三734,13000000734,这家伙很懒，什么都没写~
735,张三735,13000000735,这家伙很懒，什么都没写~
736,张三736,13000000736,这家伙很懒，什么都没写~
737,张三737,13000000737,这家伙很懒，什么都没写~
738,张三738,13000000738,这家伙很懒，什么都没写~
739,张三739,13000000739,这家伙很懒，什么都没写~
740,张三740,13000000740,这家伙很懒，什么都没写~
741,张三741,13000000741,这家伙很懒，什么都没写~
742,张三742,13000000742,这家伙很懒，什么都没写~
743,张三743,13000000743,这家伙很懒，什么都没写~
744,张三744,13000000744,这家伙很懒，什么都没写~
745,张三745,13000000745,这家伙很懒，什么都没写~
746,张三746,13000000746,这家伙很懒，什么都没写~
747,张三747,13000000747,这家伙很懒，什么都没写~
748,张三748,13000000748,这家伙很懒，什么都没写~
749,张三749,13000000749,这家伙很懒，什么都没写~
750,张三750,13000000750,这家伙很懒，什么都没写~
751,张三751,13000000751,这家伙很懒，什么都没写~
752,张三752,13000000752,这家伙很懒，什么都没写~
753,张三753,13000000753,这家伙很懒，什么都没写~
754,张三754,13000000754,这家伙很懒，什么都没写~
755,张三755,13000000755,这家伙很懒，什么都没写~
756,张三756,13000000756,这家伙很懒，什么都没写~
757,张三757,13000000757,这家伙很懒，什么都没写~
758,张三758,13000000758,这家伙很懒，什么都没写~
759,张三759,13000000759,这家伙很懒，什么都没写~
760,张三760,13000000760,这家伙很懒，什么都没写~
761,张三761,13000000761,这家伙很懒，什么都没写~
762,张三762,13000000762,这家伙很懒，什么都没写~
763,张三763,13000000763,这家伙很懒，什么都没写~
764,张三764,13000000764,这家伙很懒，什么都没写~
765,张三765,13000000765,这家伙很懒，什么都没写~
766,张三766,13000000766,这家伙很懒，什么都没写~
767,张三767,13000000767,这家伙很懒，什么都没写~
768,张三768,13000000768,这家伙很懒，什么都没写~
769,张三769,13000000769,这家伙很懒，什么都没写~
770,张三770,13000000770,这家伙很懒，什么都没写~
771,张三771,13000000771,这家伙很懒，什么都没写~
772,张三772,13000000772,这家伙很懒，什么都没写~
773,张三773,13000000773,这家伙很懒，什么都没写~
774,张三774,13000000774,这家伙很懒，什么都没写~
775,张三775,13000000775,这家伙很懒，什么都没写~
776,张三776,13000000776,这家伙很懒，什么都没写~
777,张三777,13000000777,这家伙很懒，什么都没写~
778,张三778,13000000778,这家伙很懒，什么都没写~
779,张三779,13000000779,这家伙很懒，什么都没写~
780,张三780,13000000780,这家伙很懒，什么都没写~
781,张三781,13000000781,这家伙很懒，什么都没写~
782,张三782,13000000782,这家伙很懒，什么都没写~
783,张三783,13000000783,这家伙很懒，什么都没写~
784,张三784,13000000784,这家伙很懒，什么都没写~
785,张三785,13000000785,这家伙很懒，什么都没写~
786,张三786,13000000786,这家伙很懒，什么都没写~
787,张三787,13000000787,这家伙很懒，什么都没写~
788,张三788,13000000788,这家伙很懒，什么都没写~
789,张三789,13000000789,这家伙很懒，什么都没写~
790,张三790,13000000790,这家伙很懒，什么都没写~
791,张三791,13000000791,这家伙很懒，什么都没写~
792,张三792,13000000792,这家伙很懒，什么都没写~
793,张三793,13000000793,这家伙很懒，什么都没写~
794,张三794,13000000794,这家伙很懒，什么都没写~
795,张三795,13000000795,这家伙很懒，什么都没写~
796,张三796,13000000796,这家伙很懒，什么都没写~
797,张三797,13000000797,这家伙很懒，什么都没写~
798,张三798,13000000798,这家伙很懒，什么都没写~
799,张三799,13000000799,这家伙很懒，什么都没写~
800,张三800,13000000800,这家伙很懒，什么都没写~
801,张三801,13000000801,这家伙很懒，什么都没写~
802,张三802,13000000802,这家伙很懒，什么都没写~
803,张三803,13000000803,这家伙很懒，什么都没写~
804,张三804,13000000804,这家伙很懒，什么都没写~
805,张三805,13000000805,这家伙很懒，什么都没写~
806,张三806,13000000806,这家伙很懒，什么都没写~
807,张三807,13000000807,这家伙很懒，什么都没写~
808,张三808,13000000808,这家伙很懒，什么都没写~
809,张三809,13000000809,这家伙很懒，什么都没写~
810,张三810,13000000810,这家伙很懒，什么都没写~
811,张三811,13000000811,这家伙很懒，什么都没写~
812,张三812,13000000812,这家伙很懒，什么都没写~
813,张三813,13000000813,这家伙很懒，什么都没写~
814,张三814,13000000814,这家伙很懒，什么都没写~
815,张三815,13000000815,这家伙很懒，什么都没写~
816,张三816,13000000816,这家伙很懒，什么都没写~
817,张三817,13000000817,这家伙很懒，什么都没写~
818,张三818,13000000818,这家伙很懒，什么都没写~
819,张三819,13000000819,这家伙很懒，什么都没写~
820,张三820,13000000820,这家伙很懒，什么都没写~
821,张三821,13000000821,这家伙很懒，什么都没写~
822,张三822,13000000822,这家伙很懒，什么都没写~
823,张三823,13000000823,这家伙很懒，什么都没写~
824,张三824,13000000824,这家伙很懒，什么都没写~
825,张三825,13000000825,这家伙很懒，什么都没写~
826,张三826,13000000826,这家伙很懒，什么都没写~
827,张三827,13000000827,这家伙很懒，什么都没写~
828,张三828,13000000828,这家伙很懒，什么都没写~
829,张三829,13000000829,这家伙很懒，什么都没写~
830,张三830,13000000830,这家伙很懒，什么都没写~
831,张三831,13000000831,这家伙很懒，什么都没写~
832,张三832,13000000832,这家伙很懒，什么都没写~
833,张三833,13000000833,这家伙很懒，什么都没写~
834,张三834,13000000834,这家伙很懒，什么都没写~
835,张三835,13000000835,这家伙很懒，什么都没写~
836,张三836,13000000836,这家伙很懒，什么都没写~
837,张三837,13000000837,这家伙很懒，什么都没写~
838,张三838,13000000838,这家伙很懒，什么都没写~
839,张三839,13000000839,这家伙很懒，什么都没写~
840,张三840,13000000840,这家伙很懒，什么都没写~
841,张三841,13000000841,这家伙很懒，什么都没写~
842,张三842,13000000842,这家伙很懒，什么都没写~
843,张三843,13000000843,这家伙很懒，什么都没写~
844,张三844,13000000844,这家伙很懒，什么都没写~
845,张三845,13000000845,这家伙很懒，什么都没写~
846,张三846,13000000846,这家伙很懒，什么都没写~
847,张三847,13000000847,这家伙很懒，什么都没写~
848,张三848,13000000848,这家伙很懒，什么都没写~
849,张三849,13000000849,这家伙很懒，什么都没写~
850,张三850,13000000850,这家伙很懒，什么都没写~
851,张三851,13000000851,这家伙很懒，什么都没写~
852,张三852,13000000852,这家伙很懒，什么都没写~
853,张三853,13000000853,这家伙很懒，什么都没写~
854,张三854,13000000854,这家伙很懒，什么都没写~
855,张三855,13000000855,这家伙很懒，什么都没写~
856,张三856,13000000856,这家伙很懒，什么都没写~
857,张三857,13000000857,这家伙很懒，什么都没写~
858,张三858,13000000858,这家伙很懒，什么都没写~
859,张三859,13000000859,这家伙很懒，什么都没写~
860,张三860,13000000860,这家伙很懒，什么都没写~
861,张三861,13000000861,这家伙很懒，什么都没写~
862,张三862,13000000862,这家伙很懒，什么都没写~
863,张三863,13000000863,这家伙很懒，什么都没写~
864,张三864,13000000864,这家伙很懒，什么都没写~
865,张三865,13000000865,这家伙很懒，什么都没写~
866,张三866,13000000866,这家伙很懒，什么都没写~
867,张三867,13000000867,这家伙很懒，什么都没写~
868,张三868,13000000868,这家伙很懒，什么都没写~
869,张三869,13000000869,这家伙很懒，什么都没写~
870,张三870,13000000870,这家伙很懒，什么都没写~
871,张三871,13000000871,这家伙很懒，什么都没写~
872,张三872,13000000872,这家伙很懒，什么都没写~
873,张三873,13000000873,这家伙很懒，什么都没写~
874,张三874,13000000874,这家伙很懒，什么都没写~
875,张三875,13000000875,这家伙很懒，什么都没写~
876,张三876,13000000876,这家伙很懒，什么都没写~
877,张三877,13000000877,这家伙很懒，什么都没写~
878,张三878,13000000878,这家伙很懒，什么都没写~
879,张三879,13000000879,这家伙很懒，什么都没写~
880,张三880,13000000880,这家伙很懒，什么都没写~
881,张三881,13000000881,这家伙很懒，什么都没写~
882,张三882,13000000882,这家伙很懒，什么都没写~
883,张三883,13000000883,这家伙很懒，什么都没写~
884,张三884,13000000884,这家伙很懒，什么都没写~
885,张三885,13000000885,这家伙很懒，什么都没写~
886,张三886,13000000886,这家伙很懒，什么都没写~
887,张三887,13000000887,这家伙很懒，什么都没写~
888,张三888,13000000888,这家伙很懒，什么都没写~
889,张三889,13000000889,这家伙很懒，什么都没写~
890,张三890,13000000890,这家伙很懒，什么都没写~
891,张三891,13000000891,这家伙很懒，什么都没写~
892,张三892,13000000892,这家伙很懒，什么都没写~
893,张三893,13000000893,这家伙很懒，什么都没写~
894,张三894,13000000894,这家伙很懒，什么都没写~
895,张三895,13000000895,这家伙很懒，什么都没写~
896,张三896,13000000896,这家伙很懒，什么都没写~
897,张三897,13000000897,这家伙很懒，什么都没写~
898,张三898,13000000898,这家伙很懒，什么都没写~
899,张三899,13000000899,这家伙很懒，什么都没写~
900,张三900,13000000900,这家伙很懒，什么都没写~
901,张三901,13000000901,这家伙很懒，什么都没写~
902,张三902,13000000902,这家伙很懒，什么都没写~
903,张三903,13000000903,这家伙很懒，什么都没写~
904,张三904,13000000904,这家伙很懒，什么都没写~
905,张三905,13000000905,这家伙很懒，什么都没写~
906,张三906,13000000906,这家伙很懒，什么都没写~
907,张三907,13000000907,这家伙很懒，什么都没写~
908,张三908,13000000908,这家伙很懒，什么都没写~
909,张三909,13000000909,这家伙很懒，什么都没写~
910,张三910,13000000910,这家伙很懒，什么都没写~
911,张三911,13000000911,这家伙很懒，什么都没写~
912,张三912,13000000912,这家伙很懒，什么都没写~
913,张三913,13000000913,这家伙很懒，什么都没写~
914,张三914,13000000914,这家伙很懒，什么都没写~
915,张三915,13000000915,这家伙很懒，什么都没写~
916,张三916,13000000916,这家伙很懒，什么都没写~
917,张三917,13000000917,这家伙很懒，什么都没写~
918,张三918,13000000918,这家伙很懒，什么都没写~
919,张三919,13000000919,这家伙很懒，什么都没写~
920,张三920,13000000920,这家伙很懒，什么都没写~
921,张三921,13000000921,这家伙很懒，什么都没写~
922,张三922,13000000922,这家伙很懒，什么都没写~
923,张三923,13000000923,这家伙很懒，什么都没写~
924,张三924,13000000924,这家伙很懒，什么都没写~
925,张三925,13000000925,这家伙很懒，什么都没写~
926,张三926,13000000926,这家伙很懒，什么都没写~
927,张三927,13000000927,这家伙很懒，什么都没写~
928,张三928,13000000928,这家伙很懒，什么都没写~
929,张三929,13000000929,这家伙很懒，什么都没写~
930,张三930,13000000930,这家伙很懒，什么都没写~
931,张三931,13000000931,这家伙很懒，什么都没写~
932,张三932,13000000932,这家伙很懒，什么都没写~
933,张三933,13000000933,这家伙很懒，什么都没写~
934,张三934,13000000934,这家伙很懒，什么都没写~
935,张三935,13000000935,这家伙很懒，什么都没写~
936,张三936,13000000936,这家伙很懒，什么都没写~
937,张三937,13000000937,这家伙很懒，什么都没写~
938,张三938,13000000938,这家伙很懒，什么都没写~
939,张三939,13000000939,这家伙很懒，什么都没写~
940,张三940,13000000940,这家伙很懒，什么都没写~
941,张三941,13000000941,这家伙很懒，什么都没写~
942,张三942,13000000942,这家伙很懒，什么都没写~
943,张三943,13000000943,这家伙很懒，什么都没写~
944,张三944,13000000944,这家伙很懒，什么都没写~
945,张三945,13000000945,这家伙很懒，什么都没写~
946,张三946,13000000946,这家伙很懒，什么都没写~
947,张三947,13000000947,这家伙很懒，什么都没写~
948,张三948,13000000948,这家伙很懒，什么都没写~
949,张三949,13000000949,这家伙很懒，什么都没写~
950,张三950,13000000950,这家伙很懒，什么都没写~
951,张三951,13000000951,这家伙很懒，什么都没写~
952,张三952,13000000952,这家伙很懒，什么都没写~
953,张三953,13000000953,这家伙很懒，什么都没写~
954,张三954,13000000954,这家伙很懒，什么都没写~
955,张三955,13000000955,这家伙很懒，什么都没写~
956,张三956,13000000956,这家伙很懒，什么都没写~
957,张三957,13000000957,这家伙很懒，什么都没写~
958,张三958,13000000958,这家伙很懒，什么都没写~
959,张三959,13000000959,这家伙很懒，什么都没写~
960,张三960,13000000960,这家伙很懒，什么都没写~
961,张三961,13000000961,这家伙很懒，什么都没写~
962,张三962,13000000962,这家伙很懒，什么都没写~
963,张三963,13000000963,这家伙很懒，什么都没写~
964,张三964,13000000964,这家伙很懒，什么都没写~
965,张三965,13000000965,这家伙很懒，什么都没写~
966,张三966,13000000966,这家伙很懒，什么都没写~
967,张三967,13000000967,这家伙很懒，什么都没写~
968,张三968,13000000968,这家伙很懒，什么都没写~
969,张三969,13000000969,这家伙很懒，什么都没写~
970,张三970,13000000970,这家伙很懒，什么都没写~
971,张三971,13000000971,这家伙很懒，什么都没写~
972,张三972,13000000972,这家伙很懒，什么都没写~
973,张三973,13000000973,这家伙很懒，什么都没写~
974,张三974,13000000974,这家伙很懒，什么都没写~
975,张三975,13000000975,这家伙很懒，什么都没写~
976,张三976,13000000976,这家伙很懒，什么都没写~
977,张三977,13000000977,这家伙很懒，什么都没写~
978,张三978,13000000978,这家伙很懒，什么都没写~
979,张三979,13000000979,这家伙很懒，什么都没写~
980,张三980,13000000980,这家伙很懒，什么都没写~
981,张三981,13000000981,这家伙很懒，什么都没写~
982,张三982,13000000982,这家伙很懒，什么都没写~
983,张三983,13000000983,这家伙很懒，什么都没写~
984,张三984,13000000984,这家伙很懒，什么都没写~
985,张三985,13000000985,这家伙很懒，什么都没写~
986,张三986,13000000986,这家伙很懒，什么都没写~
987,张三987,13000000987,这家伙很懒，什么都没写~
988,张三988,13000000988,这家伙很懒，什么都没写~
989,张三989,13000000989,这家伙很懒，什么都没写~
990,张三990,13000000990,这家伙很懒，什么都没写~
991,张三991,13000000991,这家伙很懒，什么都没写~
992,张三992,13000000992,这家伙很懒，什么都没写~
993,张三993,13000000993,这家伙很懒，什么都没写~
994,张三994,13000000994,这家伙很懒，什么都没写~
995,张三995,13000000995,这家伙很懒，什么都没写~
996,张三996,13000000996,这家伙很懒，什么都没写~
997,张三997,13000000997,这家伙很懒，什么都没写~
998,张三998,13000000998,这家伙很懒，什么都没写~
999,张三999,13000000999,这家伙很懒，什么都没写~
1000,张三1000,13000001000,这家伙很懒，什么都没写~
1001,张三1001,13000001001,这家伙很懒，什么都没写~
1002,张三1002,13000001002,这家伙很懒，什么都没写~
1003,张三1003,13000001003,这家伙很懒，什么都没写~
1004,张三1004,13000001004,这家伙很懒，什么都没写~
1005,张三1005,13000001005,这家伙很懒，什么都没写~
1006,张三1006,13000001006,这家伙很懒，什么都没写~
1007,张三1007,13000001007,这家伙很懒，什么都没写~
1008,张三1008,13000001008,这家伙很懒，什么都没写~
1009,张三1009,13000001009,这家伙很懒，什么都没写~
1010,张三1010,13000001010,这家伙很懒，什么都没写~
1011,张三1011,13000001011,这家伙很懒，什么都没写~
1012,张三1012,13000001012,这家伙很懒，什么都没写~
1013,张三1013,13000001013,这家伙很懒，什么都没写~
1014,张三1014,13000001014,这家伙很懒，什么都没写~
1015,张三1015,13000001015,这家伙很懒，什么都没写~
1016,张三1016,13000001016,这家伙很懒，什么都没写~
1017,张三1017,13000001017,这家伙很懒，什么都没写~
1018,张三1018,13000001018,这家伙很懒，什么都没写~
1019,张三1019,13000001019,这家伙很懒，什么都没写~
1020,张三1020,13000001020,这家伙很懒，什么都没写~
1021,张三1021,13000001021,这家伙很懒，什么都没写~
1022,张三1022,13000001022,这家伙很懒，什么都没写~
1023,张三1023,13000001023,这家伙很懒，什么都没写~
1024,张三1024,13000001024,这家伙很懒，什么都没写~
1025,张三1025,13000001025,这家伙很懒，什么都没写~
1026,张三1026,13000001026,这家伙很懒，什么都没写~
1027,张三1027,13000001027,这家伙很懒，什么都没写~
1028,张三1028,13000001028,这家伙很懒，什么都没写~
1029,张三1029,13000001029,这家伙很懒，什么都没写~
1030,张三1030,13000001030,这家伙很懒，什么都没写~
1031,张三1031,13000001031,这家伙很懒，什么都没写~
1032,张三1032,13000001032,这家伙很懒，什么都没写~
1033,张三1033,13000001033,这家伙很懒，什么都没写~
1034,张三1034,13000001034,这家伙很懒，什么都没写~
1035,张三1035,13000001035,这家伙很懒，什么都没写~
1036,张三1036,13000001036,这家伙很懒，什么都没写~
1037,张三1037,13000001037,这家伙很懒，什么都没写~
1038,张三1038,13000001038,这家伙很懒，什么都没写~
1039,张三1039,13000001039,这家伙很懒，什么都没写~
1040,张三1040,13000001040,这家伙很懒，什么都没写~
1041,张三1041,13000001041,这家伙很懒，什么都没写~
1042,张三1042,13000001042,这家伙很懒，什么都没写~
1043,张三1043,13000001043,这家伙很懒，什么都没写~
1044,张三1044,13000001044,这家伙很懒，什么都没写~
1045,张三1045,13000001045,这家伙很懒，什么都没写~
1046,张三1046,13000001046,这家伙很懒，什么都没写~
1047,张三1047,13000001047,这家伙很懒，什么都没写~
1048,张三1048,13000001048,这家伙很懒，什么都没写~
1049,张三1049,13000001049,这家伙很懒，什么都没写~
1050,张三1050,13000001050,这家伙很懒，什么都没写~
1051,张三1051,13000001051,这家伙很懒，什么都没写~
1052,张三1052,13000001052,这家伙很懒，什么都没写~
1053,张三1053,13000001053,这家伙很懒，什么都没写~
1054,张三1054,13000001054,这家伙很懒，什么都没写~
1055,张三1055,13000001055,这家伙很懒，什么都没写~
1056,张三1056,13000001056,这家伙很懒，什么都没写~
1057,张三1057,13000001057,这家伙很懒，什么都没写~
1058,张三1058,13000001058,这家伙很懒，什么都没写~
1059,张三1059,13000001059,这家伙很懒，什么都没写~
1060,张三1060,13000001060,这家伙很懒，什么都没写~
1061,张三1061,13000001061,这家伙很懒，什么都没写~
1062,张三1062,13000001062,这家伙很懒，什么都没写~
1063,张三1063,13000001063,这家伙很懒，什么都没写~
1064,张三1064,13000001064,这家伙很懒，什么都没写~
1065,张三1065,13000001065,这家伙很懒，什么都没写~
1066,张三1066,13000001066,这家伙很懒，什么都没写~
1067,张三1067,13000001067,这家伙很懒，什么都没写~
1068,张三1068,13000001068,这家伙很懒，什么都没写~
1069,张三1069,13000001069,这家伙很懒，什么都没写~
1070,张三1070,13000001070,这家伙很懒，什么都没写~
1071,张三1071,13000001071,这家伙很懒，什么都没写~
1072,张三1072,13000001072,这家伙很懒，什么都没写~
1073,张三1073,13000001073,这家伙很懒，什么都没写~
1074,张三1074,13000001074,这家伙很懒，什么都没写~
1075,张三1075,13000001075,这家伙很懒，什么都没写~
1076,张三1076,13000001076,这家伙很懒，什么都没写~
1077,张三1077,13000001077,这家伙很懒，什么都没写~
1078,张三1078,13000001078,这家伙很懒，什么都没写~
1079,张三1079,13000001079,这家伙很懒，什么都没写~
1080,张三1080,13000001080,这家伙很懒，什么都没写~
1081,张三1081,13000001081,这家伙很懒，什么都没写~
1082,张三1082,13000001082,这家伙很懒，什么都没写~
1083,张三1083,13000001083,这家伙很懒，什么都没写~
1084,张三1084,13000001084,这家伙很懒，什么都没写~
1085,张三1085,13000001085,这家伙很懒，什么都没写~
1086,张三1086,13000001086,这家伙很懒，什么都没写~
1087,张三1087,13000001087,这家伙很懒，什么都没写~
1088,张三1088,13000001088,这家伙很懒，什么都没写~
1089,张三1089,13000001089,这家伙很懒，什么都没写~
1090,张三1090,13000001090,这家伙很懒，什么都没写~
1091,张三1091,13000001091,这家伙很懒，什么都没写~
1092,张三1092,13000001092,这家伙很懒，什么都没写~
1093,张三1093,13000001093,这家伙很懒，什么都没写~
1094,张三1094,13000001094,这家伙很懒，什么都没写~
1095,张三1095,13000001095,这家伙很懒，什么都没写~
1096,张三1096,13000001096,这家伙很懒，什么都没写~
1097,张三1097,13000001097,这家伙很懒，什么都没写~
1098,张三1098,13000001098,这家伙很懒，什么都没写~
1099,张三1099,13000001099,这家伙很懒，什么都没写~
1100,张三1100,13000001100,这家伙很懒，什么都没写~
1101,张三1101,13000001101,这家伙很懒，什么都没写~
1102,张三1102,13000001102,这家伙很懒，什么都没写~
1103,张三1103,13000001103,这家伙很懒，什么都没写~
1104,张三1104,13000001104,这家伙很懒，什么都没写~
1105,张三1105,13000001105,这家伙很懒，什么都没写~
1106,张三1106,13000001106,这家伙很懒，什么都没写~
1107,张三1107,13000001107,这家伙很懒，什么都没写~
1108,张三1108,13000001108,这家伙很懒，什么都没写~
1109,张三1109,13000001109,这家伙很懒，什么都没写~
1110,张三1110,13000001110,这家伙很懒，什么都没写~
1111,张三1111,13000001111,这家伙很懒，什么都没写~
1112,张三1112,13000001112,这家伙很懒，什么都没写~
1113,张三1113,13000001113,这家伙很懒，什么都没写~
1114,张三1114,13000001114,这家伙很懒，什么都没写~
1115,张三1115,13000001115,这家伙很懒，什么都没写~
1116,张三1116,13000001116,这家伙很懒，什么都没写~
1117,张三1117,13000001117,这家伙很懒，什么都没写~
1118,张三1118,13000001118,这家伙很懒，什么都没写~
1119,张三1119,13000001119,这家伙很懒，什么都没写~
1120,张三1120,13000001120,这家伙很懒，什么都没写~
1121,张三1121,13000001121,这家伙很懒，什么都没写~
1122,张三1122,13000001122,这家伙很懒，什么都没写~
1123,张三1123,13000001123,这家伙很懒，什么都没写~
1124,张三1124,13000001124,这家伙很懒，什么都没写~
1125,张三1125,13000001125,这家伙很懒，什么都没写~
1126,张三1126,13000001126,这家伙很懒，什么都没写~
1127,张三1127,13000001127,这家伙很懒，什么都没写~
1128,张三1128,13000001128,这家伙很懒，什么都没写~
1129,张三1129,13000001129,这家伙很懒，什么都没写~
1130,张三1130,13000001130,这家伙很懒，什么都没写~
1131,张三1131,13000001131,这家伙很懒，什么都没写~
1132,张三1132,13000001132,这家伙很懒，什么都没写~
1133,张三1133,13000001133,这家伙很懒，什么都没写~
1134,张三1134,13000001134,这家伙很懒，什么都没写~
1135,张三1135,13000001135,这家伙很懒，什么都没写~
1136,张三1136,13000001136,这家伙很懒，什么都没写~
1137,张三1137,13000001137,这家伙很懒，什么都没写~
1138,张三1138,13000001138,这家伙很懒，什么都没写~
1139,张三1139,13000001139,这家伙很懒，什么都没写~
1140,张三1140,13000001140,这家伙很懒，什么都没写~
1141,张三1141,13000001141,这家伙很懒，什么都没写~
1142,张三1142,13000001142,这家伙很懒，什么都没写~
1143,张三1143,13000001143,这家伙很懒，什么都没写~
1144,张三1144,13000001144,这家伙很懒，什么都没写~
1145,张三1145,13000001145,这家伙很懒，什么都没写~
1146,张三1146,13000001146,这家伙很懒，什么都没写~
1147,张三1147,13000001147,这家伙很懒，什么都没写~
1148,张三1148,13000001148,这家伙很懒，什么都没写~
1149,张三1149,13000001149,这家伙很懒，什么都没写~
1150,张三1150,13000001150,这家伙很懒，什么都没写~
1151,张三1151,13000001151,这家伙很懒，什么都没写~
1152,张三1152,13000001152,这家伙很懒，什么都没写~
1153,张三1153,13000001153,这家伙很懒，什么都没写~
1154,张三1154,13000001154,这家伙很懒，什么都没写~
1155,张三1155,13000001155,这家伙很懒，什么都没写~
1156,张三1156,13000001156,这家伙很懒，什么都没写~
1157,张三1157,13000001157,这家伙很懒，什么都没写~
1158,张三1158,13000001158,这家伙很懒，什么都没写~
1159,张三1159,13000001159,这家伙很懒，什么都没写~
1160,张三1160,13000001160,这家伙很懒，什么都没写~
1161,张三1161,13000001161,这家伙很懒，什么都没写~
1162,张三1162,13000001162,这家伙很懒，什么都没写~
1163,张三1163,13000001163,这家伙很懒，什么都没写~
1164,张三1164,13000001164,这家伙很懒，什么都没写~
1165,张三1165,13000001165,这家伙很懒，什么都没写~
1166,张三1166,13000001166,这家伙很懒，什么都没写~
1167,张三1167,13000001167,这家伙很懒，什么都没写~
1168,张三1168,13000001168,这家伙很懒，什么都没写~
1169,张三1169,13000001169,这家伙很懒，什么都没写~
1170,张三1170,13000001170,这家伙很懒，什么都没写~
1171,张三1171,13000001171,这家伙很懒，什么都没写~
1172,张三1172,13000001172,这家伙很懒，什么都没写~
1173,张三1173,13000001173,这家伙很懒，什么都没写~
1174,张三1174,13000001174,这家伙很懒，什么都没写~
1175,张三1175,13000001175,这家伙很懒，什么都没写~
1176,张三1176,13000001176,这家伙很懒，什么都没写~
1177,张三1177,13000001177,这家伙很懒，什么都没写~
1178,张三1178,13000001178,这家伙很懒，什么都没写~
1179,张三1179,13000001179,这家伙很懒，什么都没写~
1180,张三1180,13000001180,这家伙很懒，什么都没写~
1181,张三1181,13000001181,这家伙很懒，什么都没写~
1182,张三1182,13000001182,这家伙很懒，什么都没写~
1183,张三1183,13000001183,这家伙很懒，什么都没写~
1184,张三1184,13000001184,这家伙很懒，什么都没写~
1185,张三1185,13000001185,这家伙很懒，什么都没写~
1186,张三1186,13000001186,这家伙很懒，什么都没写~
1187,张三1187,13000001187,这家伙很懒，什么都没写~
1188,张三1188,13000001188,这家伙很懒，什么都没写~
1189,张三1189,13000001189,这家伙很懒，什么都没写~
1190,张三1190,13000001190,这家伙很懒，什么都没写~
1191,张三1191,13000001191,这家伙很懒，什么都没写~
1192,张三1192,13000001192,这家伙很懒，什么都没写~
1193,张三1193,13000001193,这家伙很懒，什么都没写~
1194,张三1194,13000001194,这家伙很懒，什么都没写~
1195,张三1195,13000001195,这家伙很懒，什么都没写~
1196,张三1196,13000001196,这家伙很懒，什么都没写~
1197,张三1197,13000001197,这家伙很懒，什么都没写~
1198,张三1198,13000001198,这家伙很懒，什么都没写~
1199,张三1199,13000001199,这家伙很懒，什么都没写~
1200,张三1200,13000001200,这家伙很懒，什么都没写~
1201,张三1201,13000001201,这家伙很懒，什么都没写~
1202,张三1202,13000001202,这家伙很懒，什么都没写~
1203,张三1203,13000001203,这家伙很懒，什么都没写~
1204,张三1204,13000001204,这家伙很懒，什么都没写~
1205,张三1205,13000001205,这家伙很懒，什么都没写~
1206,张三1206,13000001206,这家伙很懒，什么都没写~
1207,张三1207,13000001207,这家伙很懒，什么都没写~
1208,张三1208,13000001208,这家伙很懒，什么都没写~
1209,张三1209,13000001209,这家伙很懒，什么都没写~
1210,张三1210,13000001210,这家伙很懒，什么都没写~
1211,张三1211,13000001211,这家伙很懒，什么都没写~
1212,张三1212,13000001212,这家伙很懒，什么都没写~
1213,张三1213,13000001213,这家伙很懒，什么都没写~
1214,张三1214,13000001214,这家伙很懒，什么都没写~
1215,张三1215,13000001215,这家伙很懒，什么都没写~
1216,张三1216,13000001216,这家伙很懒，什么都没写~
1217,张三1217,13000001217,这家伙很懒，什么都没写~
1218,张三1218,13000001218,这家伙很懒，什么都没写~
1219,张三1219,13000001219,这家伙很懒，什么都没写~
1220,张三1220,13000001220,这家伙很懒，什么都没写~
1221,张三1221,13000001221,这家伙很懒，什么都没写~
1222,张三1222,13000001222,这家伙很懒，什么都没写~
1223,张三1223,13000001223,这家伙很懒，什么都没写~
1224,张三1224,13000001224,这家伙很懒，什么都没写~
1225,张三1225,13000001225,这家伙很懒，什么都没写~
1226,张三1226,13000001226,这家伙很懒，什么都没写~
1227,张三1227,13000001227,这家伙很懒，什么都没写~
1228,张三1228,13000001228,这家伙很懒，什么都没写~
1229,张三1229,13000001229,这家伙很懒，什么都没写~
1230,张三1230,13000001230,这家伙很懒，什么都没写~
1231,张三1231,13000001231,这家伙很懒，什么都没写~
1232,张三1232,13000001232,这家伙很懒，什么都没写~
1233,张三1233,13000001233,这家伙很懒，什么都没写~
1234,张三1234,13000001234,这家伙很懒，什么都没写~
1235,张三1235,13000001235,这家伙很懒，什么都没写~
1236,张三1236,13000001236,这家伙很懒，什么都没写~
1237,张三1237,13000001237,这家伙很懒，什么都没写~
1238,张三1238,13000001238,这家伙很懒，什么都没写~
1239,张三1239,13000001239,这家伙很懒，什么都没写~
1240,张三1240,13000001240,这家伙很懒，什么都没写~
1241,张三1241,13000001241,这家伙很懒，什么都没写~
1242,张三1242,13000001242,这家伙很懒，什么都没写~
1243,张三1243,13000001243,这家伙很懒，什么都没写~
1244,张三1244,13000001244,这家伙很懒，什么都没写~
1245,张三1245,13000001245,这家伙很懒，什么都没写~
1246,张三1246,13000001246,这家伙很懒，什么都没写~
1247,张三1247,13000001247,这家伙很懒，什么都没写~
1248,张三1248,13000001248,这家伙很懒，什么都没写~
1249,张三1249,13000001249,这家伙很懒，什么都没写~
1250,张三1250,13000001250,这家伙很懒，什么都没写~
1251,张三1251,13000001251,这家伙很懒，什么都没写~
1252,张三1252,13000001252,这家伙很懒，什么都没写~
1253,张三1253,13000001253,这家伙很懒，什么都没写~
1254,张三1254,13000001254,这家伙很懒，什么都没写~
1255,张三1255,13000001255,这家伙很懒，什么都没写~
1256,张三1256,13000001256,这家伙很懒，什么都没写~
1257,张三1257,13000001257,这家伙很懒，什么都没写~
1258,张三1258,13000001258,这家伙很懒，什么都没写~
1259,张三1259,13000001259,这家伙很懒，什么都没写~
1260,张三1260,13000001260,这家伙很懒，什么都没写~
1261,张三1261,13000001261,这家伙很懒，什么都没写~
1262,张三1262,13000001262,这家伙很懒，什么都没写~
1263,张三1263,13000001263,这家伙很懒，什么都没写~
1264,张三1264,13000001264,这家伙很懒，什么都没写~
1265,张三1265,13000001265,这家伙很懒，什么都没写~
1266,张三1266,13000001266,这家伙很懒，什么都没写~
1267,张三1267,13000001267,这家伙很懒，什么都没写~
1268,张三1268,13000001268,这家伙很懒，什么都没写~
1269,张三1269,13000001269,这家伙很懒，什么都没写~
1270,张三1270,13000001270,这家伙很懒，什么都没写~
1271,张三1271,13000001271,这家伙很懒，什么都没写~
1272,张三1272,13000001272,这家伙很懒，什么都没写~
1273,张三1273,13000001273,这家伙很懒，什么都没写~
1274,张三1274,13000001274,这家伙很懒，什么都没写~
1275,张三1275,13000001275,这家伙很懒，什么都没写~
1276,张三1276,13000001276,这家伙很懒，什么都没写~
1277,张三1277,13000001277,这家伙很懒，什么都没写~
1278,张三1278,13000001278,这家伙很懒，什么都没写~
1279,张三1279,13000001279,这家伙很懒，什么都没写~
1280,张三1280,13000001280,这家伙很懒，什么都没写~
1281,张三1281,13000001281,这家伙很懒，什么都没写~
1282,张三1282,13000001282,这家伙很懒，什么都没写~
1283,张三1283,13000001283,这家伙很懒，什么都没写~
1284,张三1284,13000001284,这家伙很懒，什么都没写~
1285,张三1285,13000001285,这家伙很懒，什么都没写~
1286,张三1286,13000001286,这家伙很懒，什么都没写~
1287,张三1287,13000001287,这家伙很懒，什么都没写~
1288,张三1288,13000001288,这家伙很懒，什么都没写~
1289,张三1289,13000001289,这家伙很懒，什么都没写~
1290,张三1290,13000001290,这家伙很懒，什么都没写~
1291,张三1291,13000001291,这家伙很懒，什么都没写~
1292,张三1292,13000001292,这家伙很懒，什么都没写~
1293,张三1293,13000001293,这家伙很懒，什么都没写~
1294,张三1294,13000001294,这家伙很懒，什么都没写~
1295,张三1295,13000001295,这家伙很懒，什么都没写~
1296,张三1296,13000001296,这家伙很懒，什么都没写~
1297,张三1297,13000001297,这家伙很懒，什么都没写~
1298,张三1298,13000001298,这家伙很懒，什么都没写~
1299,张三1299,13000001299,这家伙很懒，什么都没写~
1300,张三1300,13000001300,这家伙很懒，什么都没写~
1301,张三1301,13000001301,这家伙很懒，什么都没写~
1302,张三1302,13000001302,这家伙很懒，什么都没写~
1303,张三1303,13000001303,这家伙很懒，什么都没写~
1304,张三1304,13000001304,这家伙很懒，什么都没写~
1305,张三1305,13000001305,这家伙很懒，什么都没写~
1306,张三1306,13000001306,这家伙很懒，什么都没写~
1307,张三1307,13000001307,这家伙很懒，什么都没写~
1308,张三1308,13000001308,这家伙很懒，什么都没写~
1309,张三1309,13000001309,这家伙很懒，什么都没写~
1310,张三1310,13000001310,这家伙很懒，什么都没写~
1311,张三1311,13000001311,这家伙很懒，什么都没写~
1312,张三1312,13000001312,这家伙很懒，什么都没写~
1313,张三1313,13000001313,这家伙很懒，什么都没写~
1314,张三1314,13000001314,这家伙很懒，什么都没写~
1315,张三1315,13000001315,这家伙很懒，什么都没写~
1316,张三1316,13000001316,这家伙很懒，什么都没写~
1317,张三1317,13000001317,这家伙很懒，什么都没写~
1318,张三1318,13000001318,这家伙很懒，什么都没写~
1319,张三1319,13000001319,这家伙很懒，什么都没写~
1320,张三1320,13000001320,这家伙很懒，什么都没写~
1321,张三1321,13000001321,这家伙很懒，什么都没写~
1322,张三1322,13000001322,这家伙很懒，什么都没写~
1323,张三1323,13000001323,这家伙很懒，什么都没写~
1324,张三1324,13000001324,这家伙很懒，什么都没写~
1325,张三1325,13000001325,这家伙很懒，什么都没写~
1326,张三1326,13000001326,这家伙很懒，什么都没写~
1327,张三1327,13000001327,这家伙很懒，什么都没写~
1328,张三1328,13000001328,这家伙很懒，什么都没写~
1329,张三1329,13000001329,这家伙很懒，什么都没写~
1330,张三1330,13000001330,这家伙很懒，什么都没写~
1331,张三1331,13000001331,这家伙很懒，什么都没写~
1332,张三1332,13000001332,这家伙很懒，什么都没写~
1333,张三1333,13000001333,这家伙很懒，什么都没写~
1334,张三1334,13000001334,这家伙很懒，什么都没写~
1335,张三1335,13000001335,这家伙很懒，什么都没写~
1336,张三1336,13000001336,这家伙很懒，什么都没写~
1337,张三1337,13000001337,这家伙很懒，什么都没写~
1338,张三1338,13000001338,这家伙很懒，什么都没写~
1339,张三1339,13000001339,这家伙很懒，什么都没写~
1340,张三1340,13000001340,这家伙很懒，什么都没写~
1341,张三1341,13000001341,这家伙很懒，什么都没写~
1342,张三1342,13000001342,这家伙很懒，什么都没写~
1343,张三1343,13000001343,这家伙很懒，什么都没写~
1344,张三1344,13000001344,这家伙很懒，什么都没写~
1345,张三1345,13000001345,这家伙很懒，什么都没写~
1346,张三1346,13000001346,这家伙很懒，什么都没写~
1347,张三1347,13000001347,这家伙很懒，什么都没写~
1348,张三1348,13000001348,这家伙很懒，什么都没写~
1349,张三1349,13000001349,这家伙很懒，什么都没写~
1350,张三1350,13000001350,这家伙很懒，什么都没写~
1351,张三1351,13000001351,这家伙很懒，什么都没写~
1352,张三1352,13000001352,这家伙很懒，什么都没写~
1353,张三1353,13000001353,这家伙很懒，什么都没写~
1354,张三1354,13000001354,这家伙很懒，什么都没写~
1355,张三1355,13000001355,这家伙很懒，什么都没写~
1356,张三1356,13000001356,这家伙很懒，什么都没写~
1357,张三1357,13000001357,这家伙很懒，什么都没写~
1358,张三1358,13000001358,这家伙很懒，什么都没写~
1359,张三1359,13000001359,这家伙很懒，什么都没写~
1360,张三1360,13000001360,这家伙很懒，什么都没写~
1361,张三1361,13000001361,这家伙很懒，什么都没写~
1362,张三1362,13000001362,这家伙很懒，什么都没写~
1363,张三1363,13000001363,这家伙很懒，什么都没写~
1364,张三1364,13000001364,这家伙很懒，什么都没写~
1365,张三1365,13000001365,这家伙很懒，什么都没写~
1366,张三1366,13000001366,这家伙很懒，什么都没写~
1367,张三1367,13000001367,这家伙很懒，什么都没写~
1368,张三1368,13000001368,这家伙很懒，什么都没写~
1369,张三1369,13000001369,这家伙很懒，什么都没写~
1370,张三1370,13000001370,这家伙很懒，什么都没写~
1371,张三1371,13000001371,这家伙很懒，什么都没写~
1372,张三1372,13000001372,这家伙很懒，什么都没写~
1373,张三1373,13000001373,这家伙很懒，什么都没写~
1374,张三1374,13000001374,这家伙很懒，什么都没写~
1375,张三1375,13000001375,这家伙很懒，什么都没写~
1376,张三1376,13000001376,这家伙很懒，什么都没写~
1377,张三1377,13000001377,这家伙很懒，什么都没写~
1378,张三1378,13000001378,这家伙很懒，什么都没写~
1379,张三1379,13000001379,这家伙很懒，什么都没写~
1380,张三1380,13000001380,这家伙很懒，什么都没写~
1381,张三1381,13000001381,这家伙很懒，什么都没写~
1382,张三1382,13000001382,这家伙很懒，什么都没写~
1383,张三1383,13000001383,这家伙很懒，什么都没写~
1384,张三1384,13000001384,这家伙很懒，什么都没写~
1385,张三1385,13000001385,这家伙很懒，什么都没写~
1386,张三1386,13000001386,这家伙很懒，什么都没写~
1387,张三1387,13000001387,这家伙很懒，什么都没写~
1388,张三1388,13000001388,这家伙很懒，什么都没写~
1389,张三1389,13000001389,这家伙很懒，什么都没写~
1390,张三1390,13000001390,这家伙很懒，什么都没写~
1391,张三1391,13000001391,这家伙很懒，什么都没写~
1392,张三1392,13000001392,这家伙很懒，什么都没写~
1393,张三1393,13000001393,这家伙很懒，什么都没写~
1394,张三1394,13000001394,这家伙很懒，什么都没写~
1395,张三1395,13000001395,这家伙很懒，什么都没写~
1396,张三1396,13000001396,这家伙很懒，什么都没写~
1397,张三1397,13000001397,这家伙很懒，什么都没写~
1398,张三1398,13000001398,这家伙很懒，什么都没写~
1399,张三1399,13000001399,这家伙很懒，什么都没写~
1400,张三1400,13000001400,这家伙很懒，什么都没写~
1401,张三1401,13000001401,这家伙很懒，什么都没写~
1402,张三1402,13000001402,这家伙很懒，什么都没写~
1403,张三1403,13000001403,这家伙很懒，什么都没写~
1404,张三1404,13000001404,这家伙很懒，什么都没写~
1405,张三1405,13000001405,这家伙很懒，什么都没写~
1406,张三1406,13000001406,这家伙很懒，什么都没写~
1407,张三1407,13000001407,这家伙很懒，什么都没写~
1408,张三1408,13000001408,这家伙很懒，什么都没写~
1409,张三1409,13000001409,这家伙很懒，什么都没写~
1410,张三1410,13000001410,这家伙很懒，什么都没写~
1411,张三1411,13000001411,这家伙很懒，什么都没写~
1412,张三1412,13000001412,这家伙很懒，什么都没写~
1413,张三1413,13000001413,这家伙很懒，什么都没写~
1414,张三1414,13000001414,这家伙很懒，什么都没写~
1415,张三1415,13000001415,这家伙很懒，什么都没写~
1416,张三1416,13000001416,这家伙很懒，什么都没写~
1417,张三1417,13000001417,这家伙很懒，什么都没写~
1418,张三1418,13000001418,这家伙很懒，什么都没写~
1419,张三1419,13000001419,这家伙很懒，什么都没写~
1420,张三1420,13000001420,这家伙很懒，什么都没写~
1421,张三1421,13000001421,这家伙很懒，什么都没写~
1422,张三1422,13000001422,这家伙很懒，什么都没写~
1423,张三1423,13000001423,这家伙很懒，什么都没写~
1424,张三1424,13000001424,这家伙很懒，什么都没写~
1425,张三1425,13000001425,这家伙很懒，什么都没写~
1426,张三1426,13000001426,这家伙很懒，什么都没写~
1427,张三1427,13000001427,这家伙很懒，什么都没写~
1428,张三1428,13000001428,这家伙很懒，什么都没写~
1429,张三1429,13000001429,这家伙很懒，什么都没写~
1430,张三1430,13000001430,这家伙很懒，什么都没写~
1431,张三1431,13000001431,这家伙很懒，什么都没写~
1432,张三1432,13000001432,这家伙很懒，什么都没写~
1433,张三1433,13000001433,这家伙很懒，什么都没写~
1434,张三1434,13000001434,这家伙很懒，什么都没写~
1435,张三1435,13000001435,这家伙很懒，什么都没写~
1436,张三1436,13000001436,这家伙很懒，什么都没写~
1437,张三1437,13000001437,这家伙很懒，什么都没写~
1438,张三1438,13000001438,这家伙很懒，什么都没写~
1439,张三1439,13000001439,这家伙很懒，什么都没写~
1440,张三1440,13000001440,这家伙很懒，什么都没写~
1441,张三1441,13000001441,这家伙很懒，什么都没写~
1442,张三1442,13000001442,这家伙很懒，什么都没写~
1443,张三1443,13000001443,这家伙很懒，什么都没写~
1444,张三1444,13000001444,这家伙很懒，什么都没写~
1445,张三1445,13000001445,这家伙很懒，什么都没写~
1446,张三1446,13000001446,这家伙很懒，什么都没写~
1447,张三1447,13000001447,这家伙很懒，什么都没写~
1448,张三1448,13000001448,这家伙很懒，什么都没写~
1449,张三1449,13000001449,这家伙很懒，什么都没写~
1450,张三1450,13000001450,这家伙很懒，什么都没写~
1451,张三1451,13000001451,这家伙很懒，什么都没写~
1452,张三1452,13000001452,这家伙很懒，什么都没写~
1453,张三1453,13000001453,这家伙很懒，什么都没写~
1454,张三1454,13000001454,这家伙很懒，什么都没写~
1455,张三1455,13000001455,这家伙很懒，什么都没写~
1456,张三1456,13000001456,这家伙很懒，什么都没写~
1457,张三1457,13000001457,这家伙很懒，什么都没写~
1458,张三1458,13000001458,这家伙很懒，什么都没写~
1459,张三1459,13000001459,这家伙很懒，什么都没写~
1460,张三1460,13000001460,这家伙很懒，什么都没写~
1461,张三1461,13000001461,这家伙很懒，什么都没写~
1462,张三1462,13000001462,这家伙很懒，什么都没写~
1463,张三1463,13000001463,这家伙很懒，什么都没写~
1464,张三1464,13000001464,这家伙很懒，什么都没写~
1465,张三1465,13000001465,这家伙很懒，什么都没写~
1466,张三1466,13000001466,这家伙很懒，什么都没写~
1467,张三1467,13000001467,这家伙很懒，什么都没写~
1468,张三1468,13000001468,这家伙很懒，什么都没写~
1469,张三1469,13000001469,这家伙很懒，什么都没写~
1470,张三1470,13000001470,这家伙很懒，什么都没写~
1471,张三1471,13000001471,这家伙很懒，什么都没写~
1472,张三1472,13000001472,这家伙很懒，什么都没写~
1473,张三1473,13000001473,这家伙很懒，什么都没写~
1474,张三1474,13000001474,这家伙很懒，什么都没写~
1475,张三1475,13000001475,这家伙很懒，什么都没写~
1476,张三1476,13000001476,这家伙很懒，什么都没写~
1477,张三1477,13000001477,这家伙很懒，什么都没写~
1478,张三1478,13000001478,这家伙很懒，什么都没写~
1479,张三1479,13000001479,这家伙很懒，什么都没写~
1480,张三1480,13000001480,这家伙很懒，什么都没写~
1481,张三1481,13000001481,这家伙很懒，什么都没写~
1482,张三1482,13000001482,这家伙很懒，什么都没写~
1483,张三1483,13000001483,这家伙很懒，什么都没写~
1484,张三1484,13000001484,这家伙很懒，什么都没写~
1485,张三1485,13000001485,这家伙很懒，什么都没写~
1486,张三1486,13000001486,这家伙很懒，什么都没写~
1487,张三1487,13000001487,这家伙很懒，什么都没写~
1488,张三1488,13000001488,这家伙很懒，什么都没写~
1489,张三1489,13000001489,这家伙很懒，什么都没写~
1490,张三1490,13000001490,这家伙很懒，什么都没写~
1491,张三1491,13000001491,这家伙很懒，什么都没写~
1492,张三1492,13000001492,这家伙很懒，什么都没写~
1493,张三1493,13000001493,这家伙很懒，什么都没写~
1494,张三1494,13000001494,这家伙很懒，什么都没写~
1495,张三1495,13000001495,这家伙很懒，什么都没写~
1496,张三1496,13000001496,这家伙很懒，什么都没写~
1497,张三1497,13000001497,这家伙很懒，什么都没写~
1498,张三1498,13000001498,这家伙很懒，什么都没写~
1499,张三1499,13000001499,这家伙很懒，什么都没写~
1500,张三1500,13000001500,这家伙很懒，什么都没写~
1501,张三1501,13000001501,这家伙很懒，什么都没写~
1502,张三1502,13000001502,这家伙很懒，什么都没写~
1503,张三1503,13000001503,这家伙很懒，什么都没写~
1504,张三1504,13000001504,这家伙很懒，什么都没写~
1505,张三1505,13000001505,这家伙很懒，什么都没写~
1506,张三1506,13000001506,这家伙很懒，什么都没写~
1507,张三1507,13000001507,这家伙很懒，什么都没写~
1508,张三1508,13000001508,这家伙很懒，什么都没写~
1509,张三1509,13000001509,这家伙很懒，什么都没写~
1510,张三1510,13000001510,这家伙很懒，什么都没写~
1511,张三1511,13000001511,这家伙很懒，什么都没写~
1512,张三1512,13000001512,这家伙很懒，什么都没写~
1513,张三1513,13000001513,这家伙很懒，什么都没写~
1514,张三1514,13000001514,这家伙很懒，什么都没写~
1515,张三1515,13000001515,这家伙很懒，什么都没写~
1516,张三1516,13000001516,这家伙很懒，什么都没写~
1517,张三1517,13000001517,这家伙很懒，什么都没写~
1518,张三1518,13000001518,这家伙很懒，什么都没写~
1519,张三1519,13000001519,这家伙很懒，什么都没写~
1520,张三1520,13000001520,这家伙很懒，什么都没写~
1521,张三1521,13000001521,这家伙很懒，什么都没写~
1522,张三1522,13000001522,这家伙很懒，什么都没写~
1523,张三1523,13000001523,这家伙很懒，什么都没写~
1524,张三1524,13000001524,这家伙很懒，什么都没写~
1525,张三1525,13000001525,这家伙很懒，什么都没写~
1526,张三1526,13000001526,这家伙很懒，什么都没写~
1527,张三1527,13000001527,这家伙很懒，什么都没写~
1528,张三1528,13000001528,这家伙很懒，什么都没写~
1529,张三1529,13000001529,这家伙很懒，什么都没写~
1530,张三1530,13000001530,这家伙很懒，什么都没写~
1531,张三1531,13000001531,这家伙很懒，什么都没写~
1532,张三1532,13000001532,这家伙很懒，什么都没写~
1533,张三1533,13000001533,这家伙很懒，什么都没写~
1534,张三1534,13000001534,这家伙很懒，什么都没写~
1535,张三1535,13000001535,这家伙很懒，什么都没写~
1536,张三1536,13000001536,这家伙很懒，什么都没写~
1537,张三1537,13000001537,这家伙很懒，什么都没写~
1538,张三1538,13000001538,这家伙很懒，什么都没写~
1539,张三1539,13000001539,这家伙很懒，什么都没写~
1540,张三1540,13000001540,这家伙很懒，什么都没写~
1541,张三1541,13000001541,这家伙很懒，什么都没写~
1542,张三1542,13000001542,这家伙很懒，什么都没写~
1543,张三1543,13000001543,这家伙很懒，什么都没写~
1544,张三1544,13000001544,这家伙很懒，什么都没写~
1545,张三1545,13000001545,这家伙很懒，什么都没写~
1546,张三1546,13000001546,这家伙很懒，什么都没写~
1547,张三1547,13000001547,这家伙很懒，什么都没写~
1548,张三1548,13000001548,这家伙很懒，什么都没写~
1549,张三1549,13000001549,这家伙很懒，什么都没写~
1550,张三1550,13000001550,这家伙很懒，什么都没写~
1551,张三1551,13000001551,这家伙很懒，什么都没写~
1552,张三1552,13000001552,这家伙很懒，什么都没写~
1553,张三1553,13000001553,这家伙很懒，什么都没写~
1554,张三1554,13000001554,这家伙很懒，什么都没写~
1555,张三1555,13000001555,这家伙很懒，什么都没写~
1556,张三1556,13000001556,这家伙很懒，什么都没写~
1557,张三1557,13000001557,这家伙很懒，什么都没写~
1558,张三1558,13000001558,这家伙很懒，什么都没写~
1559,张三1559,13000001559,这家伙很懒，什么都没写~
1560,张三1560,13000001560,这家伙很懒，什么都没写~
1561,张三1561,13000001561,这家伙很懒，什么都没写~
1562,张三1562,13000001562,这家伙很懒，什么都没写~
1563,张三1563,13000001563,这家伙很懒，什么都没写~
1564,张三1564,13000001564,这家伙很懒，什么都没写~
1565,张三1565,13000001565,这家伙很懒，什么都没写~
1566,张三1566,13000001566,这家伙很懒，什么都没写~
1567,张三1567,13000001567,这家伙很懒，什么都没写~
1568,张三1568,13000001568,这家伙很懒，什么都没写~
1569,张三1569,13000001569,这家伙很懒，什么都没写~
1570,张三1570,13000001570,这家伙很懒，什么都没写~
1571,张三1571,13000001571,这家伙很懒，什么都没写~
1572,张三1572,13000001572,这家伙很懒，什么都没写~
1573,张三1573,13000001573,这家伙很懒，什么都没写~
1574,张三1574,13000001574,这家伙很懒，什么都没写~
1575,张三1575,13000001575,这家伙很懒，什么都没写~
1576,张三1576,13000001576,这家伙很懒，什么都没写~
1577,张三1577,13000001577,这家伙很懒，什么都没写~
1578,张三1578,13000001578,这家伙很懒，什么都没写~
1579,张三1579,13000001579,这家伙很懒，什么都没写~
1580,张三1580,13000001580,这家伙很懒，什么都没写~
1581,张三1581,13000001581,这家伙很懒，什么都没写~
1582,张三1582,13000001582,这家伙很懒，什么都没写~
1583,张三1583,13000001583,这家伙很懒，什么都没写~
1584,张三1584,13000001584,这家伙很懒，什么都没写~
1585,张三1585,13000001585,这家伙很懒，什么都没写~
1586,张三1586,13000001586,这家伙很懒，什么都没写~
1587,张三1587,13000001587,这家伙很懒，什么都没写~
1588,张三1588,13000001588,这家伙很懒，什么都没写~
1589,张三1589,13000001589,这家伙很懒，什么都没写~
1590,张三1590,13000001590,这家伙很懒，什么都没写~
1591,张三1591,13000001591,这家伙很懒，什么都没写~
1592,张三1592,13000001592,这家伙很懒，什么都没写~
1593,张三1593,13000001593,这家伙很懒，什么都没写~
1594,张三1594,13000001594,这家伙很懒，什么都没写~
1595,张三1595,13000001595,这家伙很懒，什么都没写~
1596,张三1596,13000001596,这家伙很懒，什么都没写~
1597,张三1597,13000001597,这家伙很懒，什么都没写~
1598,张三1598,13000001598,这家伙很懒，什么都没写~
1599,张三1599,13000001599,这家伙很懒，什么都没写~
1600,张三1600,13000001600,这家伙很懒，什么都没写~
1601,张三1601,13000001601,这家伙很懒，什么都没写~
1602,张三1602,13000001602,这家伙很懒，什么都没写~
1603,张三1603,13000001603,这家伙很懒，什么都没写~
1604,张三1604,13000001604,这家伙很懒，什么都没写~
1605,张三1605,13000001605,这家伙很懒，什么都没写~
1606,张三1606,13000001606,这家伙很懒，什么都没写~
1607,张三1607,13000001607,这家伙很懒，什么都没写~
1608,张三1608,13000001608,这家伙很懒，什么都没写~
1609,张三1609,13000001609,这家伙很懒，什么都没写~
1610,张三1610,13000001610,这家伙很懒，什么都没写~
1611,张三1611,13000001611,这家伙很懒，什么都没写~
1612,张三1612,13000001612,这家伙很懒，什么都没写~
1613,张三1613,13000001613,这家伙很懒，什么都没写~
1614,张三1614,13000001614,这家伙很懒，什么都没写~
1615,张三1615,13000001615,这家伙很懒，什么都没写~
1616,张三1616,13000001616,这家伙很懒，什么都没写~
1617,张三1617,13000001617,这家伙很懒，什么都没写~
1618,张三1618,13000001618,这家伙很懒，什么都没写~
1619,张三1619,13000001619,这家伙很懒，什么都没写~
1620,张三1620,13000001620,这家伙很懒，什么都没写~
1621,张三1621,13000001621,这家伙很懒，什么都没写~
1622,张三1622,13000001622,这家伙很懒，什么都没写~
1623,张三1623,13000001623,这家伙很懒，什么都没写~
1624,张三1624,13000001624,这家伙很懒，什么都没写~
1625,张三1625,13000001625,这家伙很懒，什么都没写~
1626,张三1626,13000001626,这家伙很懒，什么都没写~
1627,张三1627,13000001627,这家伙很懒，什么都没写~
1628,张三1628,13000001628,这家伙很懒，什么都没写~
1629,张三1629,13000001629,这家伙很懒，什么都没写~
1630,张三1630,13000001630,这家伙很懒，什么都没写~
1631,张三1631,13000001631,这家伙很懒，什么都没写~
1632,张三1632,13000001632,这家伙很懒，什么都没写~
1633,张三1633,13000001633,这家伙很懒，什么都没写~
1634,张三1634,13000001634,这家伙很懒，什么都没写~
1635,张三1635,13000001635,这家伙很懒，什么都没写~
1636,张三1636,13000001636,这家伙很懒，什么都没写~
1637,张三1637,13000001637,这家伙很懒，什么都没写~
1638,张三1638,13000001638,这家伙很懒，什么都没写~
1639,张三1639,13000001639,这家伙很懒，什么都没写~
1640,张三1640,13000001640,这家伙很懒，什么都没写~
1641,张三1641,13000001641,这家伙很懒，什么都没写~
1642,张三1642,13000001642,这家伙很懒，什么都没写~
1643,张三1643,13000001643,这家伙很懒，什么都没写~
1644,张三1644,13000001644,这家伙很懒，什么都没写~
1645,张三1645,13000001645,这家伙很懒，什么都没写~
1646,张三1646,13000001646,这家伙很懒，什么都没写~
1647,张三1647,13000001647,这家伙很懒，什么都没写~
1648,张三1648,13000001648,这家伙很懒，什么都没写~
1649,张三1649,13000001649,这家伙很懒，什么都没写~
1650,张三1650,13000001650,这家伙很懒，什么都没写~
1651,张三1651,13000001651,这家伙很懒，什么都没写~
1652,张三1652,13000001652,这家伙很懒，什么都没写~
1653,张三1653,13000001653,这家伙很懒，什么都没写~
1654,张三1654,13000001654,这家伙很懒，什么都没写~
1655,张三1655,13000001655,这家伙很懒，什么都没写~
1656,张三1656,13000001656,这家伙很懒，什么都没写~
1657,张三1657,13000001657,这家伙很懒，什么都没写~
1658,张三1658,13000001658,这家伙很懒，什么都没写~
1659,张三1659,13000001659,这家伙很懒，什么都没写~
1660,张三1660,13000001660,这家伙很懒，什么都没写~
1661,张三1661,13000001661,这家伙很懒，什么都没写~
1662,张三1662,13000001662,这家伙很懒，什么都没写~
1663,张三1663,13000001663,这家伙很懒，什么都没写~
1664,张三1664,13000001664,这家伙很懒，什么都没写~
1665,张三1665,13000001665,这家伙很懒，什么都没写~
1666,张三1666,13000001666,这家伙很懒，什么都没写~
1667,张三1667,13000001667,这家伙很懒，什么都没写~
1668,张三1668,13000001668,这家伙很懒，什么都没写~
1669,张三1669,13000001669,这家伙很懒，什么都没写~
1670,张三1670,13000001670,这家伙很懒，什么都没写~
1671,张三1671,13000001671,这家伙很懒，什么都没写~
1672,张三1672,13000001672,这家伙很懒，什么都没写~
1673,张三1673,13000001673,这家伙很懒，什么都没写~
1674,张三1674,13000001674,这家伙很懒，什么都没写~
1675,张三1675,13000001675,这家伙很懒，什么都没写~
1676,张三1676,13000001676,这家伙很懒，什么都没写~
1677,张三1677,13000001677,这家伙很懒，什么都没写~
1678,张三1678,13000001678,这家伙很懒，什么都没写~
1679,张三1679,13000001679,这家伙很懒，什么都没写~
1680,张三1680,13000001680,这家伙很懒，什么都没写~
1681,张三1681,13000001681,这家伙很懒，什么都没写~
1682,张三1682,13000001682,这家伙很懒，什么都没写~
1683,张三1683,13000001683,这家伙很懒，什么都没写~
1684,张三1684,13000001684,这家伙很懒，什么都没写~
1685,张三1685,13000001685,这家伙很懒，什么都没写~
1686,张三1686,13000001686,这家伙很懒，什么都没写~
1687,张三1687,13000001687,这家伙很懒，什么都没写~
1688,张三1688,13000001688,这家伙很懒，什么都没写~
1689,张三1689,13000001689,这家伙很懒，什么都没写~
1690,张三1690,13000001690,这家伙很懒，什么都没写~
1691,张三1691,13000001691,这家伙很懒，什么都没写~
1692,张三1692,13000001692,这家伙很懒，什么都没写~
1693,张三1693,13000001693,这家伙很懒，什么都没写~
1694,张三1694,13000001694,这家伙很懒，什么都没写~
1695,张三1695,13000001695,这家伙很懒，什么都没写~
1696,张三1696,13000001696,这家伙很懒，什么都没写~
1697,张三1697,13000001697,这家伙很懒，什么都没写~
1698,张三1698,13000001698,这家伙很懒，什么都没写~
1699,张三1699,13000001699,这家伙很懒，什么都没写~
1700,张三1700,13000001700,这家伙很懒，什么都没写~
1701,张三1701,13000001701,这家伙很懒，什么都没写~
1702,张三1702,13000001702,这家伙很懒，什么都没写~
1703,张三1703,13000001703,这家伙很懒，什么都没写~
1704,张三1704,13000001704,这家伙很懒，什么都没写~
1705,张三1705,13000001705,这家伙很懒，什么都没写~
1706,张三1706,13000001706,这家伙很懒，什么都没写~
1707,张三1707,13000001707,这家伙很懒，什么都没写~
1708,张三1708,13000001708,这家伙很懒，什么都没写~
1709,张三1709,13000001709,这家伙很懒，什么都没写~
1710,张三1710,13000001710,这家伙很懒，什么都没写~
1711,张三1711,13000001711,这家伙很懒，什么都没写~
1712,张三1712,13000001712,这家伙很懒，什么都没写~
1713,张三1713,13000001713,这家伙很懒，什么都没写~
1714,张三1714,13000001714,这家伙很懒，什么都没写~
1715,张三1715,13000001715,这家伙很懒，什么都没写~
1716,张三1716,13000001716,这家伙很懒，什么都没写~
1717,张三1717,13000001717,这家伙很懒，什么都没写~
1718,张三1718,13000001718,这家伙很懒，什么都没写~
1719,张三1719,13000001719,这家伙很懒，什么都没写~
1720,张三1720,13000001720,这家伙很懒，什么都没写~
1721,张三1721,13000001721,这家伙很懒，什么都没写~
1722,张三1722,13000001722,这家伙很懒，什么都没写~
1723,张三1723,13000001723,这家伙很懒，什么都没写~
1724,张三1724,13000001724,这家伙很懒，什么都没写~
1725,张三1725,13000001725,这家伙很懒，什么都没写~
1726,张三1726,13000001726,这家伙很懒，什么都没写~
1727,张三1727,13000001727,这家伙很懒，什么都没写~
1728,张三1728,13000001728,这家伙很懒，什么都没写~
1729,张三1729,13000001729,这家伙很懒，什么都没写~
1730,张三1730,13000001730,这家伙很懒，什么都没写~
1731,张三1731,13000001731,这家伙很懒，什么都没写~
1732,张三1732,13000001732,这家伙很懒，什么都没写~
1733,张三1733,13000001733,这家伙很懒，什么都没写~
1734,张三1734,13000001734,这家伙很懒，什么都没写~
1735,张三1735,13000001735,这家伙很懒，什么都没写~
1736,张三1736,13000001736,这家伙很懒，什么都没写~
1737,张三1737,13000001737,这家伙很懒，什么都没写~
1738,张三1738,13000001738,这家伙很懒，什么都没写~
1739,张三1739,13000001739,这家伙很懒，什么都没写~
1740,张三1740,13000001740,这家伙很懒，什么都没写~
1741,张三1741,13000001741,这家伙很懒，什么都没写~
1742,张三1742,13000001742,这家伙很懒，什么都没写~
1743,张三1743,13000001743,这家伙很懒，什么都没写~
1744,张三1744,13000001744,这家伙很懒，什么都没写~
1745,张三1745,13000001745,这家伙很懒，什么都没写~
1746,张三1746,13000001746,这家伙很懒，什么都没写~
1747,张三1747,13000001747,这家伙很懒，什么都没写~
1748,张三1748,13000001748,这家伙很懒，什么都没写~
1749,张三1749,13000001749,这家伙很懒，什么都没写~
1750,张三1750,13000001750,这家伙很懒，什么都没写~
1751,张三1751,13000001751,这家伙很懒，什么都没写~
1752,张三1752,13000001752,这家伙很懒，什么都没写~
1753,张三1753,13000001753,这家伙很懒，什么都没写~
1754,张三1754,13000001754,这家伙很懒，什么都没写~
1755,张三1755,13000001755,这家伙很懒，什么都没写~
1756,张三1756,13000001756,这家伙很懒，什么都没写~
1757,张三1757,13000001757,这家伙很懒，什么都没写~
1758,张三1758,13000001758,这家伙很懒，什么都没写~
1759,张三1759,13000001759,这家伙很懒，什么都没写~
1760,张三1760,13000001760,这家伙很懒，什么都没写~
1761,张三1761,13000001761,这家伙很懒，什么都没写~
1762,张三1762,13000001762,这家伙很懒，什么都没写~
1763,张三1763,13000001763,这家伙很懒，什么都没写~
1764,张三1764,13000001764,这家伙很懒，什么都没写~
1765,张三1765,13000001765,这家伙很懒，什么都没写~
1766,张三1766,13000001766,这家伙很懒，什么都没写~
1767,张三1767,13000001767,这家伙很懒，什么都没写~
1768,张三1768,13000001768,这家伙很懒，什么都没写~
1769,张三1769,13000001769,这家伙很懒，什么都没写~
1770,张三1770,13000001770,这家伙很懒，什么都没写~
1771,张三1771,13000001771,这家伙很懒，什么都没写~
1772,张三1772,13000001772,这家伙很懒，什么都没写~
1773,张三1773,13000001773,这家伙很懒，什么都没写~
1774,张三1774,13000001774,这家伙很懒，什么都没写~
1775,张三1775,13000001775,这家伙很懒，什么都没写~
1776,张三1776,13000001776,这家伙很懒，什么都没写~
1777,张三1777,13000001777,这家伙很懒，什么都没写~
1778,张三1778,13000001778,这家伙很懒，什么都没写~
1779,张三1779,13000001779,这家伙很懒，什么都没写~
1780,张三1780,13000001780,这家伙很懒，什么都没写~
1781,张三1781,13000001781,这家伙很懒，什么都没写~
1782,张三1782,13000001782,这家伙很懒，什么都没写~
1783,张三1783,13000001783,这家伙很懒，什么都没写~
1784,张三1784,13000001784,这家伙很懒，什么都没写~
1785,张三1785,13000001785,这家伙很懒，什么都没写~
1786,张三1786,13000001786,这家伙很懒，什么都没写~
1787,张三1787,13000001787,这家伙很懒，什么都没写~
1788,张三1788,13000001788,这家伙很懒，什么都没写~
1789,张三1789,13000001789,这家伙很懒，什么都没写~
1790,张三1790,13000001790,这家伙很懒，什么都没写~
1791,张三1791,13000001791,这家伙很懒，什么都没写~
1792,张三1792,13000001792,这家伙很懒，什么都没写~
1793,张三1793,13000001793,这家伙很懒，什么都没写~
1794,张三1794,13000001794,这家伙很懒，什么都没写~
1795,张三1795,13000001795,这家伙很懒，什么都没写~
1796,张三1796,13000001796,这家伙很懒，什么都没写~
1797,张三1797,13000001797,这家伙很懒，什么都没写~
1798,张三1798,13000001798,这家伙很懒，什么都没写~
1799,张三1799,13000001799,这家伙很懒，什么都没写~
1800,张三1800,13000001800,这家伙很懒，什么都没写~
1801,张三1801,13000001801,这家伙很懒，什么都没写~
1802,张三1802,13000001802,这家伙很懒，什么都没写~
1803,张三1803,13000001803,这家伙很懒，什么都没写~
1804,张三1804,13000001804,这家伙很懒，什么都没写~
1805,张三1805,13000001805,这家伙很懒，什么都没写~
1806,张三1806,13000001806,这家伙很懒，什么都没写~
1807,张三1807,13000001807,这家伙很懒，什么都没写~
1808,张三1808,13000001808,这家伙很懒，什么都没写~
1809,张三1809,13000001809,这家伙很懒，什么都没写~
1810,张三1810,13000001810,这家伙很懒，什么都没写~
1811,张三1811,13000001811,这家伙很懒，什么都没写~
1812,张三1812,13000001812,这家伙很懒，什么都没写~
1813,张三1813,13000001813,这家伙很懒，什么都没写~
1814,张三1814,13000001814,这家伙很懒，什么都没写~
1815,张三1815,13000001815,这家伙很懒，什么都没写~
1816,张三1816,13000001816,这家伙很懒，什么都没写~
1817,张三1817,13000001817,这家伙很懒，什么都没写~
1818,张三1818,13000001818,这家伙很懒，什么都没写~
1819,张三1819,13000001819,这家伙很懒，什么都没写~
1820,张三1820,13000001820,这家伙很懒，什么都没写~
1821,张三1821,13000001821,这家伙很懒，什么都没写~
1822,张三1822,13000001822,这家伙很懒，什么都没写~
1823,张三1823,13000001823,这家伙很懒，什么都没写~
1824,张三1824,13000001824,这家伙很懒，什么都没写~
1825,张三1825,13000001825,这家伙很懒，什么都没写~
1826,张三1826,13000001826,这家伙很懒，什么都没写~
1827,张三1827,13000001827,这家伙很懒，什么都没写~
1828,张三1828,13000001828,这家伙很懒，什么都没写~
1829,张三1829,13000001829,这家伙很懒，什么都没写~
1830,张三1830,13000001830,这家伙很懒，什么都没写~
1831,张三1831,13000001831,这家伙很懒，什么都没写~
1832,张三1832,13000001832,这家伙很懒，什么都没写~
1833,张三1833,13000001833,这家伙很懒，什么都没写~
1834,张三1834,13000001834,这家伙很懒，什么都没写~
1835,张三1835,13000001835,这家伙很懒，什么都没写~
1836,张三1836,13000001836,这家伙很懒，什么都没写~
1837,张三1837,13000001837,这家伙很懒，什么都没写~
1838,张三1838,13000001838,这家伙很懒，什么都没写~
1839,张三1839,13000001839,这家伙很懒，什么都没写~
1840,张三1840,13000001840,这家伙很懒，什么都没写~
1841,张三1841,13000001841,这家伙很懒，什么都没写~
1842,张三1842,13000001842,这家伙很懒，什么都没写~
1843,张三1843,13000001843,这家伙很懒，什么都没写~
1844,张三1844,13000001844,这家伙很懒，什么都没写~
1845,张三1845,13000001845,这家伙很懒，什么都没写~
1846,张三1846,13000001846,这家伙很懒，什么都没写~
1847,张三1847,13000001847,这家伙很懒，什么都没写~
1848,张三1848,13000001848,这家伙很懒，什么都没写~
1849,张三1849,13000001849,这家伙很懒，什么都没写~
1850,张三1850,13000001850,这家伙很懒，什么都没写~
1851,张三1851,13000001851,这家伙很懒，什么都没写~
1852,张三1852,13000001852,这家伙很懒，什么都没写~
1853,张三1853,13000001853,这家伙很懒，什么都没写~
1854,张三1854,13000001854,这家伙很懒，什么都没写~
1855,张三1855,13000001855,这家伙很懒，什么都没写~
1856,张三1856,13000001856,这家伙很懒，什么都没写~
1857,张三1857,13000001857,这家伙很懒，什么都没写~
1858,张三1858,13000001858,这家伙很懒，什么都没写~
1859,张三1859,13000001859,这家伙很懒，什么都没写~
1860,张三1860,13000001860,这家伙很懒，什么都没写~
1861,张三1861,13000001861,这家伙很懒，什么都没写~
1862,张三1862,13000001862,这家伙很懒，什么都没写~
1863,张三1863,13000001863,这家伙很懒，什么都没写~
1864,张三1864,13000001864,这家伙很懒，什么都没写~
1865,张三1865,13000001865,这家伙很懒，什么都没写~
1866,张三1866,13000001866,这家伙很懒，什么都没写~
1867,张三1867,13000001867,这家伙很懒，什么都没写~
1868,张三1868,13000001868,这家伙很懒，什么都没写~
1869,张三1869,13000001869,这家伙很懒，什么都没写~
1870,张三1870,13000001870,这家伙很懒，什么都没写~
1871,张三1871,13000001871,这家伙很懒，什么都没写~
1872,张三1872,13000001872,这家伙很懒，什么都没写~
1873,张三1873,13000001873,这家伙很懒，什么都没写~
1874,张三1874,13000001874,这家伙很懒，什么都没写~
1875,张三1875,13000001875,这家伙很懒，什么都没写~
1876,张三1876,13000001876,这家伙很懒，什么都没写~
1877,张三1877,13000001877,这家伙很懒，什么都没写~
1878,张三1878,13000001878,这家伙很懒，什么都没写~
1879,张三1879,13000001879,这家伙很懒，什么都没写~
1880,张三1880,13000001880,这家伙很懒，什么都没写~
1881,张三1881,13000001881,这家伙很懒，什么都没写~
1882,张三1882,13000001882,这家伙很懒，什么都没写~
1883,张三1883,13000001883,这家伙很懒，什么都没写~
1884,张三1884,13000001884,这家伙很懒，什么都没写~
1885,张三1885,13000001885,这家伙很懒，什么都没写~
1886,张三1886,13000001886,这家伙很懒，什么都没写~
1887,张三1887,13000001887,这家伙很懒，什么都没写~
1888,张三1888,13000001888,这家伙很懒，什么都没写~
1889,张三1889,13000001889,这家伙很懒，什么都没写~
1890,张三1890,13000001890,这家伙很懒，什么都没写~
1891,张三1891,13000001891,这家伙很懒，什么都没写~
1892,张三1892,13000001892,这家伙很懒，什么都没写~
1893,张三1893,13000001893,这家伙很懒，什么都没写~
1894,张三1894,13000001894,这家伙很懒，什么都没写~
1895,张三1895,13000001895,这家伙很懒，什么都没写~
1896,张三1896,13000001896,这家伙很懒，什么都没写~
1897,张三1897,13000001897,这家伙很懒，什么都没写~
1898,张三1898,13000001898,这家伙很懒，什么都没写~
1899,张三1899,13000001899,这家伙很懒，什么都没写~
1900,张三1900,13000001900,这家伙很懒，什么都没写~
1901,张三1901,13000001901,这家伙很懒，什么都没写~
1902,张三1902,13000001902,这家伙很懒，什么都没写~
1903,张三1903,13000001903,这家伙很懒，什么都没写~
1904,张三1904,13000001904,这家伙很懒，什么都没写~
1905,张三1905,13000001905,这家伙很懒，什么都没写~
1906,张三1906,13000001906,这家伙很懒，什么都没写~
1907,张三1907,13000001907,这家伙很懒，什么都没写~
1908,张三1908,13000001908,这家伙很懒，什么都没写~
1909,张三1909,13000001909,这家伙很懒，什么都没写~
1910,张三1910,13000001910,这家伙很懒，什么都没写~
1911,张三1911,13000001911,这家伙很懒，什么都没写~
1912,张三1912,13000001912,这家伙很懒，什么都没写~
1913,张三1913,13000001913,这家伙很懒，什么都没写~
1914,张三1914,13000001914,这家伙很懒，什么都没写~
1915,张三1915,13000001915,这家伙很懒，什么都没写~
1916,张三1916,13000001916,这家伙很懒，什么都没写~
1917,张三1917,13000001917,这家伙很懒，什么都没写~
1918,张三1918,13000001918,这家伙很懒，什么都没写~
1919,张三1919,13000001919,这家伙很懒，什么都没写~
1920,张三1920,13000001920,这家伙很懒，什么都没写~
1921,张三1921,13000001921,这家伙很懒，什么都没写~
1922,张三1922,13000001922,这家伙很懒，什么都没写~
1923,张三1923,13000001923,这家伙很懒，什么都没写~
1924,张三1924,13000001924,这家伙很懒，什么都没写~
1925,张三1925,13000001925,这家伙很懒，什么都没写~
1926,张三1926,13000001926,这家伙很懒，什么都没写~
1927,张三1927,13000001927,这家伙很懒，什么都没写~
1928,张三1928,13000001928,这家伙很懒，什么都没写~
1929,张三1929,13000001929,这家伙很懒，什么都没写~
1930,张三1930,13000001930,这家伙很懒，什么都没写~
1931,张三1931,13000001931,这家伙很懒，什么都没写~
1932,张三1932,13000001932,这家伙很懒，什么都没写~
1933,张三1933,13000001933,这家伙很懒，什么都没写~
1934,张三1934,13000001934,这家伙很懒，什么都没写~
1935,张三1935,13000001935,这家伙很懒，什么都没写~
1936,张三1936,13000001936,这家伙很懒，什么都没写~
1937,张三1937,13000001937,这家伙很懒，什么都没写~
1938,张三1938,13000001938,这家伙很懒，什么都没写~
1939,张三1939,13000001939,这家伙很懒，什么都没写~
1940,张三1940,13000001940,这家伙很懒，什么都没写~
1941,张三1941,13000001941,这家伙很懒，什么都没写~
1942,张三1942,13000001942,这家伙很懒，什么都没写~
1943,张三1943,13000001943,这家伙很懒，什么都没写~
1944,张三1944,13000001944,这家伙很懒，什么都没写~
1945,张三1945,13000001945,这家伙很懒，什么都没写~
1946,张三1946,13000001946,这家伙很懒，什么都没写~
1947,张三1947,13000001947,这家伙很懒，什么都没写~
1948,张三1948,13000001948,这家伙很懒，什么都没写~
1949,张三1949,13000001949,这家伙很懒，什么都没写~
1950,张三1950,13000001950,这家伙很懒，什么都没写~
1951,张三1951,13000001951,这家伙很懒，什么都没写~
1952,张三1952,13000001952,这家伙很懒，什么都没写~
1953,张三1953,13000001953,这家伙很懒，什么都没写~
1954,张三1954,13000001954,这家伙很懒，什么都没写~
1955,张三1955,13000001955,这家伙很懒，什么都没写~
1956,张三1956,13000001956,这家伙很懒，什么都没写~
1957,张三1957,13000001957,这家伙很懒，什么都没写~
1958,张三1958,13000001958,这家伙很懒，什么都没写~
1959,张三1959,13000001959,这家伙很懒，什么都没写~
1960,张三1960,13000001960,这家伙很懒，什么都没写~
1961,张三1961,13000001961,这家伙很懒，什么都没写~
1962,张三1962,13000001962,这家伙很懒，什么都没写~
1963,张三1963,13000001963,这家伙很懒，什么都没写~
1964,张三1964,13000001964,这家伙很懒，什么都没写~
1965,张三1965,13000001965,这家伙很懒，什么都没写~
1966,张三1966,13000001966,这家伙很懒，什么都没写~
1967,张三1967,13000001967,这家伙很懒，什么都没写~
1968,张三1968,13000001968,这家伙很懒，什么都没写~
1969,张三1969,13000001969,这家伙很懒，什么都没写~
1970,张三1970,13000001970,这家伙很懒，什么都没写~
1971,张三1971,13000001971,这家伙很懒，什么都没写~
1972,张三1972,13000001972,这家伙很懒，什么都没写~
1973,张三1973,13000001973,这家伙很懒，什么都没写~
1974,张三1974,13000001974,这家伙很懒，什么都没写~
1975,张三1975,13000001975,这家伙很懒，什么都没写~
1976,张三1976,13000001976,这家伙很懒，什么都没写~
1977,张三1977,13000001977,这家伙很懒，什么都没写~
1978,张三1978,13000001978,这家伙很懒，什么都没写~
1979,张三1979,13000001979,这家伙很懒，什么都没写~
1980,张三1980,13000001980,这家伙很懒，什么都没写~
1981,张三1981,13000001981,这家伙很懒，什么都没写~
1982,张三1982,13000001982,这家伙很懒，什么都没写~
1983,张三1983,13000001983,这家伙很懒，什么都没写~
1984,张三1984,13000001984,这家伙很懒，什么都没写~
1985,张三1985,13000001985,这家伙很懒，什么都没写~
1986,张三1986,13000001986,这家伙很懒，什么都没写~
1987,张三1987,13000001987,这家伙很懒，什么都没写~
1988,张三1988,13000001988,这家伙很懒，什么都没写~
1989,张三1989,13000001989,这家伙很懒，什么都没写~
1990,张三1990,13000001990,这家伙很懒，什么都没写~
1991,张三1991,13000001991,这家伙很懒，什么都没写~
1992,张三1992,13000001992,这家伙很懒，什么都没写~
1993,张三1993,13000001993,这家伙很懒，什么都没写~
1994,张三1994,13000001994,这家伙很懒，什么都没写~
1995,张三1995,13000001995,这家伙很懒，什么都没写~
1996,张三1996,13000001996,这家伙很懒，什么都没写~
1997,张三1997,13000001997,这家伙很懒，什么都没写~
1998,张三1998,13000001998,这家伙很懒，什么都没写~
1999,张三1999,13000001999,这家伙很懒，什么都没写~
2000,张三2000,13000002000,这家伙很懒，什么都没写~
